,00:00,00:30,01:00,01:30,02:00,02:30,03:00,03:30,04:00,04:30,05:00,05:30,06:00,06:30,07:00,07:30,08:00,08:30,09:00,09:30,10:00,10:30,11:00,11:30,12:00,12:30,13:00,13:30,14:00,14:30,15:00,15:30,16:00,16:30,17:00,17:30,18:00,18:30,19:00,19:30,20:00,20:30,21:00,21:30,22:00,22:30,23:00,23:30
01/01/2021,7.4,6.5,6.5,8.4,7,6,6.1,8.1,7.2,6.2,6,5.9,10.8,9.3,9.7,10,18.3,18,16.2,15.3,17.2,16.4,16.5,15.6,15.6,15.9,16.2,15.7,15.5,15.4,14.7,15.2,15.1,13.4,5.7,5.5,6.5,7,6.3,5.6,5.5,7.8,6.7,5.8,5.9,7,7.5,5.7
02/01/2021,6,5.9,8.7,6,5.9,6.1,8.7,6.8,6.3,6.1,9,7,6.4,6.5,9.1,6.5,6.7,6.3,9.1,6.6,6.1,6.3,8.5,8.9,6.8,7.3,7.4,5.8,6.5,7.5,7.9,9.5,7,6.3,6.4,8.6,6.7,6.2,6.1,8.4,6,5.7,7.5,8.7,6.2,6.4,7.8,8.8
03/01/2021,6.8,6.4,7.3,8.6,6.3,6.4,8,8.6,6.2,6.5,9.3,7.6,6.7,7.7,8.9,6.1,6.3,9.1,9.7,8.1,7.7,7.7,9,8.5,6.4,6.6,6.7,7.6,9.2,6.3,7.2,6.9,6.3,8.8,7,5.9,5.7,8.1,6.2,5.6,5.8,8.1,7.5,5.7,5.9,7.5,7.1,5.7
04/01/2021,6.6,7.7,7.9,6,6,7.7,8.1,6.5,6.3,8.2,8.6,7.2,11.8,12.1,21.8,22,19.6,21.9,21.7,20.3,20.2,19,18.5,19.7,19.3,19.3,17.3,17.6,16.7,16.9,18,17.9,18.4,17.2,9.4,7.5,7.8,9,7.5,5.8,7.6,8.4,7.4,5.6,7.6,8.3,6.4,5
05/01/2021,9.1,8.2,7.2,5.7,8.3,8.5,8.1,6,7.9,8.6,8.8,6.9,11,10.7,10.6,9.2,18.1,19.9,20.2,19.2,19.9,17.8,16.7,18.4,16.3,15.5,15.8,15.8,15.5,14.4,16.8,15.3,17.1,15.8,8.1,7.1,6.6,6.8,5.7,8.4,6.5,5.2,5.9,6.5,8.4,6,5.6,5.7
06/01/2021,8.9,7.1,6.1,6,8.5,8.6,6.5,6.4,8.2,9.1,8.2,9.2,12.6,11.6,10.3,10.5,18.9,19.1,22.1,20,19.5,18.4,18.6,18,17.1,15.3,14.5,14.3,15.9,15.7,15.3,15.9,16.1,16.1,9.7,10.4,6.7,7.3,8.8,9,8.9,9.1,9.2,8.4,8.9,9,9.1,9.6
07/01/2021,9.1,9.2,9.6,9.7,9.6,9.7,9.9,10.2,9.5,9.2,8.1,8.3,10.6,12.1,11.5,12,20.2,20.5,21.7,21.9,19.5,19.5,21.1,19.2,19,19.2,17.9,18.1,18.6,16.2,16.8,17.8,16.4,16,8,7.3,6.6,7.1,6.4,6,5.7,5.9,5.9,5.8,6.2,6.3,5.7,7.1
08/01/2021,8.7,6.4,6.3,6.5,6.1,6.6,9,6.9,6.3,6.2,6.9,6.9,10.8,12,9.9,11.1,17.3,18.1,19.8,20.1,19.1,18.9,19.4,17.9,17,17.1,17.4,17,16.2,16.4,16.7,16.7,17.1,15.4,10.4,8.3,6.9,8.1,8.7,6.2,6.4,8.6,8.2,5.7,8,9,7.1,6.9
09/01/2021,9,8.6,7.5,6.6,8.7,9.2,8.5,6.5,8.2,9.4,6.8,7.6,9.3,8.5,6.9,9.7,9.3,10,9.4,7.7,7.1,8.7,8.2,7.2,9.4,9.7,6.9,6.7,8.5,6.9,6.1,8.9,8.2,6.1,8.8,8.8,8.4,5.9,7.7,8.5,8.4,8.3,7.6,6.5,8.8,8.7,8.7,8.5
10/01/2021,6.3,7.8,7.8,6.8,7.4,8.7,7.8,5.7,8.5,8.5,7.1,6.3,9,8.7,7.1,9.2,10.2,8,7.9,10.7,9.4,8.7,10.1,10.2,9.6,7.3,5.7,5.8,7.3,7.6,7.6,6,6.9,8.3,8.6,6.7,5.2,8.2,7.9,7.3,5.2,6.4,8,7.7,6.3,5.4,8.1,7.5
11/01/2021,7.9,5.5,7.6,7.1,7.7,6.9,6.9,7.3,6.4,7.9,8.2,6.9,10.4,11.2,15.7,15.7,15.1,15.4,14.7,15.9,14.4,14.9,14.3,14.3,14.6,13.9,13.7,13.4,13.7,13.2,13.8,13.4,13.2,12.7,7.3,6.8,6.2,5.5,6.3,6.2,4.9,5.4,5.2,5.3,7.2,4.6,5,5
12/01/2021,5,7,6.4,5.2,5.2,5.1,7.8,5.8,5.2,5,6.1,8.2,9.2,8.9,8.1,8.8,12.3,11.4,13.9,16.5,16.5,14.1,12.2,11,11.9,13.7,14.4,13.9,11.8,12,14.7,16,14.8,14.1,7.3,7.7,7.3,8.9,6.9,5.6,6.4,8.1,7,5.5,7.8,8.2,6.2,5.9
13/01/2021,8.7,7.5,5.9,7.8,8.6,7.3,6.4,7.4,8.7,9.8,7.8,8.3,10.9,11.2,9.7,9.7,15.8,17.2,17.7,16.6,16.4,16.5,16.4,16.7,16,15.5,14.9,16.2,15.4,14.7,15.2,14.6,14.6,13.4,6.3,6.9,6.1,8.4,6.5,5.3,5,6.8,7.9,5.4,5.1,6,6.9,5.5
14/01/2021,5.2,7.7,5.6,5.4,6.2,8.2,5.7,5.6,7.1,8.1,6.1,6.2,9.3,10.2,8.7,8.4,14.6,14.5,15.4,14.8,17.2,15.7,15.7,16.4,16,17.1,15.6,14.8,15.3,15.1,16.5,15,15.5,14.7,8.8,7.2,6.8,9.1,8.1,5.7,6.4,8.3,7.6,6.6,6,8.9,8.2,6.4
15/01/2021,6.7,8.8,9.2,9.4,9,8.7,5.8,8.3,9.1,9.3,7.5,8.7,12.2,11.6,10.3,12.3,18.6,18.8,21.6,19.7,21.7,20.8,19,19.8,20.6,20.5,18.9,19.2,20.7,18.6,18.5,18,17.2,16,10.3,11,7.9,6.4,8.1,8.6,8.1,6.1,7.5,8.2,9,7.6,6,7.7
16/01/2021,8.6,6.7,5.9,8.7,8.3,6.5,5.7,7.6,8.8,5.4,7.1,8.4,7.3,5.7,7.8,8.2,7,5.7,6.9,8.5,6.2,6.7,8.3,5.4,6.3,6.6,8.4,6.4,6.3,8.8,7.3,6.8,6.7,8.1,6.5,5.8,6.6,7.6,5,5.5,7.7,5.6,5.1,7.7,6.9,5.2,6.6,4.3
17/01/2021,3.3,3.3,2.7,2.7,3.5,3.4,3.3,3.2,3.2,3.3,3.4,3.8,3.5,3.7,3.5,3.6,3.4,3.7,3.4,3.4,3.3,3.5,3.3,3.3,3.3,3.3,3.1,3.6,3.3,3.5,3.3,3.6,3.5,3.5,3.5,3.6,3.3,3.4,3.1,3.1,3.3,3.1,3,3.2,3.1,3,3.1,3.5
18/01/2021,3,3.2,3.3,3.3,3.2,3.3,3.3,3.4,3.1,3.1,3.2,3.7,8,8.1,17,16.6,16.2,15,15.9,15.7,15.8,14.9,14,13.8,14.1,14.3,13.3,12.6,14.3,14.6,12.9,13.7,13.8,12.7,7.4,7.4,9.4,6.5,5,6.3,7.6,5.2,5.4,7.1,6.1,4.9,6.1,7
19/01/2021,5.2,5.2,7.4,5.8,4.7,6.2,7.2,5.2,5,7.4,6.4,5.7,9.2,8.8,8,7.9,10.4,11.3,13.2,12,12.8,11,10.1,11.6,11.9,12.2,11.4,11.6,10,10,12.8,12.3,9.9,9.2,7.9,7.4,5.9,6.3,5.4,7.2,5.1,5.2,4.9,6.9,5.7,4.8,5,6.1
20/01/2021,6.7,4.9,5.2,5.4,7.4,5.2,5,5.3,7.4,6.6,6.8,7.4,9.8,9.6,7.1,6,7.6,9.6,11.3,11.2,11.9,11.4,9.4,9.4,8.6,8.1,8.4,8.7,11.7,12.4,11.6,12.7,13.1,11.6,6.6,6.7,8.8,6.2,5.5,5.6,8.9,6.4,6.3,8.3,9.1,6.9,6,8
21/01/2021,8.4,8.1,5.9,6.6,8.6,7.8,6,5.2,8.6,8,7.7,6.1,10.8,11,9.9,9.5,14.4,15.1,16.4,14.8,13.4,15.1,13.4,13.8,13.8,13.3,12.5,13.6,13.4,12.4,13.3,14.3,13.4,14,8.4,7.5,6.4,6.7,7.5,6.4,5.2,6.5,8,5.7,5.5,7.8,7.7,5.5
22/01/2021,5.9,7.9,6.5,5.4,8.4,7,5.8,6.5,8.2,7.3,6.2,6.4,9.6,9.4,8.7,8.7,13,15.3,14.7,14.8,14.1,14.1,12.3,12.5,12.5,13.6,13.7,12.9,11.1,11.4,13.6,13.7,14.1,12.7,8.9,6.7,5.9,7.6,7.4,5.5,5.9,8.3,6.6,5.5,7.2,8.4,6.8,5.5
23/01/2021,7.8,8.1,5.7,7,8.4,8.4,5.9,6.4,8.6,8.3,5.8,7.8,8.8,8.9,7.2,6,9,9.5,8.4,7,8,10.5,8.2,7.3,9.5,8.9,7.7,7.5,9,6.7,7.4,8.7,8.1,6.1,8.8,8.8,7.9,5.8,7.8,8.6,8.9,5.9,7.4,8.9,8.7,8.6,8.2,6.1
24/01/2021,8.7,9.3,8.9,9,7.2,8,9.4,9.1,9,9,9.4,9.3,9.6,9.3,9.5,9.3,9.5,8.4,8.5,6.8,8.8,9.2,8.9,6.7,8.6,9.2,7.4,6.3,8.7,7.8,6,8.5,8.8,6.8,7.4,8.9,8.5,6.2,7.9,8.7,8.6,8.8,6.7,8.2,8.7,9,8.7,8.8
25/01/2021,9.2,9,8.9,8.9,9,9,8.9,8.9,9.2,8.1,10.4,9.9,11.3,10.6,20.1,18.3,17.6,19.8,19.6,19.5,18.3,16.1,15.2,15.2,14.1,14.1,14.8,13.2,13.9,14.1,13.7,12.9,12.6,13.9,8.7,7.2,5.7,7.9,7.6,5.7,6.6,8.2,6.6,5.8,8.4,7.3,5.2,7.2
26/01/2021,8.9,6.8,5.9,8.7,7.9,6.3,8.9,9.1,9.2,6.9,7.8,9.6,12.3,10.8,10.2,11,19.3,18.3,18.9,19.1,17.5,16.7,16.6,17,17.1,19.4,18.5,18.2,17,15.2,17.4,16.1,16.9,15,8.9,7.6,8.8,6.5,5.4,6.5,7.9,5.5,5.5,7.1,6.5,5.2,5.6,7.4
27/01/2021,5.7,5.2,5.8,7.2,5.5,5.1,7.1,6.2,5.4,5.8,10,7.2,8.8,7.8,7.6,8.1,8.7,11.5,12.6,13.9,12.7,11.9,11,10.6,10.5,8.8,8.6,9.9,9.4,9.8,10.3,11.1,11.2,9,5.7,4.6,4.8,5.8,3.7,3.3,4,5.4,3,3.3,5.8,4.1,3.3,4.1
28/01/2021,5.9,3.6,3.5,5.2,5,3.4,4.2,5.6,3.5,4.5,7.3,6.2,7.6,7.2,7.3,6.1,9.6,11.3,12.2,11.8,11,9.8,6.9,7.1,8.1,8.4,8.8,9.4,8.4,8.6,7.4,6.2,7.9,9.7,7.9,6.9,6.3,6.7,5,4.9,5.3,7.4,5,5.1,5.1,7.2,5.2,4.9
29/01/2021,5.5,6.7,5.6,4.9,6.4,7,5.1,5,7.3,6.2,5.4,5.6,8.7,7.2,6.3,6.2,7.5,8,7.5,7.9,9.6,9.7,8.9,9.4,8.7,9.3,9.1,9.8,10,8.9,9.4,7.6,7,8,5.9,5,4.8,4.2,5.9,4.3,3.3,3,6.2,4.3,3.5,3.4,6.1,5
30/01/2021,3.5,4.3,6.4,3.5,3.8,6.1,5,3.2,5.1,5.8,5.6,3.8,6.1,6.3,6.2,4,5.1,6.7,5.7,3.7,6,6.1,3.8,4.6,6.2,4.3,4,6.4,4.5,4.2,6.2,5.7,3.8,5.8,5.9,5.6,3.5,6.4,6,5.2,3.3,6.4,6.1,6.2,6.2,6.2,6.2,6.3
31/01/2021,6.4,6.2,6.5,6.2,6.5,6.1,6.4,6.4,6.4,6.5,6.9,6.6,6.8,6.6,6.8,6.7,6.6,6.9,6.4,6.7,5.8,6.1,6.7,5.9,6.2,5.8,6.3,3.3,6.2,6.1,5.4,4.2,6.7,6.5,6.2,6.6,6.2,6.2,6.1,6.2,6.1,6.2,6.3,6,6.5,6.1,6.2,5.9
01/02/2021,6.5,6.2,6.4,6.4,6.5,6.6,6.5,6.5,6.5,6.4,6.9,6.8,9.2,9.2,21.7,23.1,21.3,21.7,20.2,19.7,19.8,18.7,18,16.8,14,15.1,13.2,14,13.4,11.6,13.3,12.2,10.9,10.6,6.4,4.7,3.9,6.2,6.1,3.3,4.1,6.1,5.6,3.3,5.5,6.4,4.7,3.3
02/02/2021,6.1,6,4.1,4.7,6,6.7,4.6,4.5,6.2,6,5.7,4.2,8.9,7.6,13.2,10.1,16.1,16.7,15.1,16.9,16.3,19.7,18.7,17.4,17,16.6,14.5,12.7,13.1,11.5,10.7,10.6,11.2,8.7,5.3,5.5,6.6,5,3.2,3.1,5.4,3.6,3.5,3.5,5.5,3.2,3.1,5.1
03/02/2021,4.4,3.4,3.8,5.8,3.7,3.2,5.4,4.5,3,5,8.4,5.7,6.3,6.5,9.9,6.1,13.4,11.3,13.3,12.4,11.9,10.9,10.9,8.5,10.3,7.4,7.4,8.8,10.7,9.3,11.8,10.8,10.4,7.7,4.7,7.2,5.4,4.7,4.6,5.6,4.7,3.5,3.7,6.1,3.6,3.3,5.3,4.9
04/02/2021,3.3,4.9,5.9,3.5,3.9,5.5,4.5,3.3,5.7,5.8,4.2,4.1,7.6,8.1,10.7,7.5,12.2,13.2,12.7,12.1,13.3,12,12.8,14.8,14.1,13.2,13.4,12.5,13.4,12.7,13.2,13.2,9.8,9.9,6.8,5.1,3.7,4,5.5,3.3,3.1,5.8,3.9,3.4,5,4.8,3,4.7
05/02/2021,5.4,2.9,4.3,5.6,4.2,3.1,5.5,5,3.2,5,6.1,3.9,7,7.9,9.1,8.2,12,12.2,12.1,13.2,12.7,11.5,12.2,12.6,9.9,8.7,11.2,9.7,9.5,10.7,11.4,9.1,9.7,10.6,4.7,6.8,5.8,5.8,3.8,3.7,4.6,4.6,3.2,4.2,5.8,3.5,3.3,5.5
06/02/2021,4.6,3.3,5,5.8,3.9,3.3,5.3,5.5,3.3,5,6.2,4.3,4.3,6.3,4.7,4.2,6.3,5.2,3.8,5.6,5.9,3.3,4.6,5.7,5.3,3.2,4.4,5.9,3.1,3.6,6.6,4.7,3.8,6,5.8,3.7,5.5,5.7,3.3,4.9,6,5.1,3.4,5.9,6,5.4,3.2,6.2
07/02/2021,6.1,6,3.4,5.7,6.1,5.9,5.6,3.4,5.9,6.1,6.7,3.8,5.1,6.6,6.8,6.3,6.5,6.3,6.6,6.3,6.1,6.2,6.3,5.9,6.2,5.9,6.2,6.1,6.2,6.5,6.1,6.4,6.4,6.5,6.2,6.6,6.2,6.2,5.8,6.3,5.9,6.1,5.9,6.2,5.8,6.5,6.3,6
08/02/2021,6.2,5.7,5.9,6.2,6.1,6.4,6.3,6.3,6.3,6.4,6.5,6.9,9.3,9.8,22.9,20.6,22.8,20.4,18.6,15.6,15.3,16.4,15.1,15.3,15.1,15.2,15,15.7,16.3,14.1,14.2,15,13.4,14.3,6.3,4.2,6.4,7,6.1,3.9,4.5,6.1,5.5,5.8,6.3,5.9,6,6.2
09/02/2021,6.2,6.3,6.4,6.3,6.4,6.1,6.3,6.2,6.4,6.3,6.7,6.7,9.4,9.2,12.9,14.2,18.4,16.7,19.5,17.4,16.1,18.8,18.5,16.5,15.5,15.6,15.7,14.8,13.9,11.9,14.3,13,14.5,12.1,7.9,7.5,5.6,3.5,5.3,6.5,6.6,3.8,3.9,6.4,6.5,4.7,3.9,5.6
10/02/2021,6.6,6.6,5.8,2.8,4.1,7.3,6.4,5.5,4.1,7.1,9.1,9.4,9.4,9.5,14.9,11.4,17.8,18.5,20.4,21.9,19.5,18.4,18.2,16.4,16,16.1,14.7,14.7,14.7,15.5,15.5,12.8,12.4,12.6,8,6.5,4.8,4.4,6.2,6.3,3.8,3.6,6.5,6.5,6,2.8,4.5,6.4
11/02/2021,7.1,6.6,5.8,3.7,6.4,6.9,6.6,6.7,6.5,6.6,6.9,7.2,9.3,9.9,14.7,13.3,19.3,19.1,16.8,18,19.1,17.9,16.6,16.8,14.7,13.7,14.7,13.1,13.2,16,15,14.4,14.4,13.6,6.5,4.2,4.2,6.6,6.2,5.1,3.6,4.8,6.5,6.2,5.1,3.5,5.9,5.4
12/02/2021,5.7,7,4.8,3.8,6,6.5,6.4,5.1,3.7,6.1,7,6.8,7.7,8.9,13.8,12.1,17.9,15.8,17,18.2,16.2,17.9,15.7,14.5,13.1,13.6,14.1,13,12.5,12.8,13.3,13.4,12.9,13.2,7.4,5.7,4.3,3.9,3.8,3.4,3.9,4,3.8,5.6,5.4,3.9,3.8,3.8
13/02/2021,5.8,3.5,4.3,4,6.5,6,3.9,3.9,5.1,6.3,4.1,3.9,5,6.9,6,4.2,4.3,6.3,6.4,3.9,4.1,3.8,6.4,4.9,3.1,3.3,5.3,6.4,3.9,3.7,5.3,5.8,4,3.8,5.8,6.3,3.9,3.6,5.3,6.1,3.4,3.5,6.1,5,3.7,4.1,6.4,4.4
14/02/2021,3.9,4.6,6.2,4,3.6,5.5,5.2,3.2,4.3,6.4,5,3.7,5.2,6.2,4,3.9,5.8,6,4,3.4,5.6,5,3.8,3.5,6,4.5,3.9,3.6,6.2,4.2,3.8,4.7,5.3,3.9,3.9,5.9,4.1,3.4,3.5,5.2,3,3.5,4.5,5,3.1,3.3,4.4,4.8
15/02/2021,3.4,3.3,4.7,5,3.1,3.3,4.9,4.6,3.2,3.6,4.8,5.4,7.5,8.8,19.2,18.2,18.1,14.5,14.5,13.6,13.8,14.2,12,10.3,10.2,10,10.8,10.2,10.2,9.1,9.3,9.2,10.3,9.6,5.9,4.8,4.5,4.2,4,2.6,3.3,3.6,3,3.2,3.1,3.4,4.1,4.5
16/02/2021,3,3.6,3,3.4,3.2,3.4,3.2,3.7,5.4,3.3,3.4,4,7.4,7.4,9.1,8.6,10.3,11.7,12.9,11.3,11.7,11,11.1,8.5,9.1,10.2,10.9,8.7,7.9,6.2,6.3,6,10.1,11.1,6.3,4.7,4.7,3.2,4,4.3,3.3,3.2,3.1,4.7,4.7,3.3,3,3.5
17/02/2021,5.7,4,3.4,3.5,4.4,5.4,3.3,3.4,3.4,7.2,5.6,6.2,8.6,7.2,8.1,7.6,10.8,11.5,11.1,11.6,11,9.1,10.9,10.1,10.3,9.7,7.8,8.5,6.7,6.1,6.2,8.7,8.6,8.8,6.7,3.8,4.4,3.8,3.1,3.2,5,3.9,3,3.3,2.8,3.4,5.6,3
18/02/2021,3.3,3.3,3.3,5.4,2.9,3.4,3.8,3.2,6,3.4,3.8,3.5,7.6,7.9,7.3,6.1,8.5,11.4,11.2,11.1,11.2,11.7,11.7,11.4,10.5,9.1,7,9,11.1,11.1,11.6,11.2,10.8,11.1,7.2,6,3.2,3.2,3.3,3.1,5.5,3.3,3.2,3.2,3.4,5.9,4.3,3.4
19/02/2021,3.7,3.9,5.7,4.8,3.5,3.5,5.4,5.7,3.4,3.3,4.4,6.3,7,7.4,9.7,6.6,10.6,10.6,11.8,11.4,10.9,10.8,10.9,11.1,10.5,9.1,7.8,9.7,8.4,9.5,10.3,8.8,9.2,8,6.1,4.6,4.1,3.4,3.2,4.7,3.4,3.4,2.9,3.1,2.9,5.1,3.7,3.1
20/02/2021,3.2,3.1,3.3,4.1,5.1,3.1,3.5,3.1,3.3,4,5.1,3.3,4,3.2,3.7,4.5,5.8,3.3,3.6,3.3,3.5,3.2,5.5,4.1,3.2,3.4,3.1,3.5,3.1,5.4,3.4,3.6,3.6,3.3,3.4,5.5,3.8,3.2,3,2.5,3.7,5.3,2.8,2.9,3,3.5,5.2,3
21/02/2021,3.2,3.2,3.8,5.3,3.4,3.1,3.7,4.7,5,3.2,3.5,4.5,5.7,3.8,3.6,3.6,6.3,3.9,3.4,3.4,4.3,5.3,3.2,3.4,3.3,3.5,4.4,4.5,3.2,2.9,3.5,4.3,4.3,5.6,3.4,3.5,3.4,3.3,5.7,3.6,3.3,2.9,4,5,3.6,3.1,3.2,5.2
22/02/2021,3.7,3.1,3.3,4.7,5,3.2,3.1,3.5,5.7,3.8,3.4,4.2,7.4,8.4,12.3,10.5,10.6,10.2,10,11.5,11.5,10.5,10.4,10.1,7.4,6,5.9,5.8,5.7,4.6,5.9,6.5,6.2,8.7,6.7,3.9,2.9,3.4,3.8,3.7,6.6,3.5,3.3,3.2,3.1,5.9,3.4,3.5
23/02/2021,3.2,5.2,4.9,3.2,3.3,3.7,5.8,4,3,3.5,4.9,5.7,7.6,7,8.3,7,7.2,9.6,9.6,10.6,9.8,9.9,6.6,6.6,5.9,7,8.6,8.6,7.9,8.7,8.5,8.2,8.4,7.9,6.2,4.8,3.8,3.5,3.1,2.9,5.4,3,3.1,3.2,3,2.3,3.5,5.8
24/02/2021,3.3,3.1,3.1,3,3.1,5.2,3.6,3.2,3.3,4.2,6.1,5.3,8.3,7,6.1,6.3,6.8,7.5,7.8,8.8,7.7,6.9,5.7,5.5,6.3,8.2,8,7.6,6.1,6,6,7.3,8.1,7.6,4.5,3.6,3.9,3.5,3.8,2.7,4.7,3.7,3,2.8,2.7,3.7,4.8,3.8
25/02/2021,3,3.1,3,4,4.9,3.3,3.1,3.3,3.9,5.3,3.5,3.8,7,7.4,8.4,6.3,7.8,8.4,8.7,8.1,7.7,8,8,7.8,6.4,5.9,5.5,5.3,6.5,6,7,5.8,6.5,8.6,6.3,4.4,3.6,5.8,3,3.2,4.7,5.1,3.3,3.2,5.8,4.1,3.5,5.3
26/02/2021,5.8,3.5,3.3,5.7,4.8,3.9,4.8,6.1,3.8,4.1,6.7,4.7,7.6,8.1,10.1,7.6,10,12.1,11.2,10.9,7.5,5.2,6.9,6.9,8.2,8.8,8.2,7.6,7.5,6.7,5.6,4.5,5.5,7.9,4.6,5.3,4.4,3.3,2.9,5,4.2,3.2,3.2,5.7,3.2,3.6,4.4,5.5
27/02/2021,3.6,3.3,6.3,4.3,3.4,6.5,4.5,3.8,6.3,4.9,3.4,5.6,7.1,6.7,3.8,5,6.9,5.6,3.6,5.8,4.4,3.3,5,4.4,3.6,3.4,5.4,3.4,3.2,3.3,3.4,3.1,3.4,3.9,4.9,3.9,3.3,3.8,5.5,3,3.1,5.1,5.3,3.4,3.5,6.1,4,3.5
28/02/2021,5.6,5.9,3.5,5.8,6.2,4.7,4.3,6.3,6.4,4.5,4.7,6.8,6.2,3.2,6.3,7.1,6.6,4.3,5.1,6.3,3.6,3.5,5.9,3.4,3.4,5.5,3.5,3.3,3.4,4.1,4.2,3.5,3.5,3.5,3.6,5.6,3.5,3.2,4.6,4.5,3.1,4.4,5.6,3.5,3.6,6,3.7,3.6
01/03/2021,6.1,4.6,3.3,6.1,4.9,3.2,5.9,6.5,3.8,5.4,6.7,6,8.3,9.9,13.1,16.5,13,11.4,10.9,11.5,10.8,10.5,10.3,10.7,9.9,8.2,8.6,7.6,5.3,6,6.2,6,6.3,6,3.8,4.8,4.5,3.4,3.7,6.5,4.5,3.2,4.6,6.1,3.7,3.6,5.7,4.3
02/03/2021,3.4,5.4,4.4,3.1,5.9,5.8,3.4,4.5,6.7,4.4,3.9,6.7,9.3,8.3,10.1,7.7,8.5,11.1,12.4,12.1,12.8,13,12.1,12,10.7,11.9,11.5,10.5,11,11.2,10.1,11.3,11.3,8.7,4.6,4.5,5.5,5.7,3.5,3.2,4.8,5.9,3.4,3.9,6.4,4.8,3.4,5.2
03/03/2021,6.2,3.9,5.9,6.2,3.8,3.9,6.7,3.7,4.6,7.6,7.1,6.2,9.4,8.9,9.3,8.3,10.2,12.1,12,13.6,12.2,12.4,12.2,11.9,11,12.3,10.7,10.8,11.8,11.3,10.6,10.4,11.1,9.8,4.2,4.8,4,3.2,3.3,3.2,3.1,3.2,3.4,3.3,2.8,2.7,4.1,3.5
04/03/2021,3.6,3.4,3.7,3.4,4.4,5.4,3.4,3.6,3.2,3.7,3.3,4,9.3,8.4,11.4,7.3,10.9,11,10.8,10.4,12.2,12,11.1,11.3,10.5,11.4,11.7,10.3,11,11.5,10.6,10.6,10,10.1,7.2,4.9,3.9,5.4,4.4,3.3,6.1,4.4,3.7,6.1,5.8,3.6,4.6,6.3
05/03/2021,4.9,4.1,6.1,5.6,3.4,5.4,6.3,3.4,5.8,5.9,4.1,5.8,7.1,7.3,10.9,8.4,11.8,11.8,11.3,11.1,11.6,11.6,10.6,11.6,11.2,10.5,10.4,10.7,10.3,10.5,10.4,9.5,12.3,11,6.9,6.5,5.6,3.8,5,5.4,3.6,3.5,5.6,3.5,4.1,6,4.5,3.5
06/03/2021,5.9,5.1,3.6,5.3,6.2,3.3,5.3,6.4,4.3,4.1,6.5,6.7,4.3,5.5,6.7,5.4,4.1,6.6,5,3.8,6.3,4.1,3.9,6.2,3.8,3.5,6.1,3.9,3.2,4.9,4.7,3.8,4.4,5.7,3.6,3.8,6.4,4.1,4.4,6.5,4.5,4.3,6.4,6.3,4.6,4.7,6.5,6.4
07/03/2021,4.9,5.1,6.6,6.3,6.4,6.4,6.5,4.5,5.2,6.6,6.7,6.7,5.1,5.4,6.8,6.4,6.1,6.6,5.8,4.5,6.4,3.6,5.4,5.1,3.6,5.8,4.3,4,6.6,3.2,5.1,5.7,3.8,5.9,5.1,4.1,6.3,4.5,4,5.8,3.7,4.6,6,4.3,4.5,6.3,4.5,4.6
08/03/2021,6.3,6.4,6.2,4.3,5.5,6.4,4.6,5.4,5.6,5.4,4.2,7.3,9.1,9.7,18.9,20.2,16.8,13.1,14.9,13.5,12.4,11.8,10.9,10.1,8.5,8.3,8.5,8.5,8.2,7.7,7.6,6.6,7.6,8.2,5.9,3.5,3.5,5.8,3.5,3.1,5,5.1,3.3,4.3,6.2,4.4,3.2,5.8
09/03/2021,5.9,4,4.7,6.1,3.1,5.7,6.5,6.5,4,5.8,6.7,6.9,8.7,9.6,11.5,9,12.2,12.1,12.4,12,10.9,10.3,8.4,5.9,5.8,6.2,6.3,7.1,8.9,8.1,6.2,6.1,8.6,7.6,6.1,3.9,7.4,3.8,3,4.2,6.4,3.4,3,5.1,4.6,3.2,4,5.7
10/03/2021,3.5,3.4,5.5,5.2,3.5,4.8,5.6,3,3.8,8.2,5.4,4.7,7.9,7.7,8,6.5,9.6,11.2,11.6,11.6,10.8,10.9,11.1,10.7,10.6,10.3,11.3,10.9,10.5,10.5,11.1,9.5,7.8,7.5,6,4,3.3,3.1,5.4,3.2,3,3.4,5.4,3.2,2.7,4.2,5.2,3.2
11/03/2021,3.2,4.8,5.1,3.2,3.6,5.5,3.4,3.5,5.4,4.3,3.5,5.1,7,8,6.9,6.5,9.2,11.1,11,11.1,9.8,10,9.5,9.4,9.6,9.9,10.2,9.7,8.1,6.9,6.6,8.5,10.3,9.5,5.5,4.7,3.7,3.5,3.3,3.6,3.4,3.5,4.1,5.7,3.4,3.2,3.1,3.3
12/03/2021,5.9,3.9,3.3,3.4,3.2,5.1,3.9,4,3.2,3.4,5.8,5.1,7,6.9,9.3,7.3,11.1,12.2,11,11.1,10.3,10,10.6,10.7,10,8.1,10.6,9.9,10.5,7.7,9.6,11,11.3,9.7,5.1,4.4,3.8,3.7,4.8,5.1,3.2,3.2,3.3,3.4,4.1,5.7,3,3.5
13/03/2021,3.2,3.5,6,4.2,3.5,3.3,4.2,5.9,3.8,3.7,4,6.5,6,4,3.1,5.6,6.1,3.8,3.7,3.6,5.8,4.9,3.8,3.8,4.5,5.2,3.5,3.4,3.6,3.8,4.7,4.9,3.7,4,3.7,3.7,4.4,5.9,2.9,3.5,4.1,6,3.4,3.6,4.7,5.5,3.4,3.1
14/03/2021,4.8,4.9,3.1,3.6,6,4.7,3.5,3.3,5.8,4.5,3.8,3.9,5.8,4.9,3.6,3.6,5.8,5,3.6,3.9,4.7,5.7,3.5,3.5,4.3,5.3,3.8,3.6,5.6,3.9,3.9,5.4,5.1,3.7,3.6,5.7,4.2,3.6,3,4.9,4.4,3.2,3.8,4.8,4.5,3.1,3.9,5.6
15/03/2021,3.4,3.2,4.1,5.5,3.4,3.4,4.1,5.7,3.4,3.5,4.8,6.2,7.8,8.3,14.7,13.7,9.9,7.7,10.1,9.4,8.9,9.5,9,7.6,7,8.5,8.8,8.3,7.5,7.2,7.3,7.4,7.8,8.2,6.1,4.5,3.4,3.1,3.2,5.1,3.7,2.9,3.3,3.2,4.2,4.8,2.9,2.6
16/03/2021,3.7,4.6,5.1,3.4,3.2,3.1,4.9,4.1,3.4,3,3.6,5.6,7,6.4,9.9,7.3,6.2,9.3,9.5,10,13.6,11.6,13,9.1,9.2,11.1,10.7,11.1,8.2,6.9,6.3,6.9,5.7,6.2,5.1,4.8,5.2,4.2,4.2,3.3,3.3,3.2,3.4,5.7,3.2,3.2,3.3,3.3
17/03/2021,5.5,4.4,3.5,2.8,4,5.8,4.2,3.2,3.9,5.7,7.7,4.8,3.8,5.1,7.9,7.6,12.9,13.9,13.2,13.5,9.9,9.7,11.6,11.4,11.1,14.9,13,8.5,6.9,6.4,6.5,6.4,5.7,6.2,5.7,5,4.5,3.8,3.2,2.9,3.4,3.2,3,3.5,4.1,5,3.3,3.2
18/03/2021,3.4,3.2,5.6,4.4,3,2.8,3.9,5.8,3.7,3.2,3.8,3.9,6.2,4,6.5,7,9.2,14.4,11.9,12.4,13.1,14.5,12.6,10.7,10.3,9.8,8.8,10.8,11.7,11.2,6.4,6.3,10.4,9.5,6.6,6.9,3.1,3.2,3.3,3,3.2,3,4.8,3.9,3.3,3.1,3.3,3
19/03/2021,4.7,3.8,3.8,3.2,3.2,4.3,4.9,3.4,3.2,3.4,3.4,5.8,4,3.5,5.8,6.7,10.6,11.4,13.1,12.7,11.4,7.9,7.7,7.8,9.3,10.6,5.4,5.3,8.1,7.4,8.5,8.7,5.9,5.4,4.7,4.5,3.2,3,3.3,2.9,3.1,2.9,4.5,4.3,3,3.1,2.9,3.1
20/03/2021,3.1,4,4.3,3.7,3.1,3.5,3.2,4.7,4.4,3.2,3.5,3.6,3.8,5.2,4.7,3.4,3.6,3.6,3.3,3.3,3.5,5,3.7,3.7,3.1,3.7,3.3,3.2,3.4,4.8,4.7,4.6,3.6,3.6,3.7,5.5,4.3,3.2,3.2,3.2,5.4,4.1,3.2,3,3.8,5.4,3.5,3.1
21/03/2021,3.4,4.2,4.9,4,3.3,3.2,5.5,4,3,3.3,3.9,6,3.8,3.5,3.7,6.2,3.7,3.7,3.6,3.5,5,4.1,3.5,3.4,3.2,3.2,3.6,3.2,3.3,3.2,3.7,3.4,3.6,3.4,3.5,3.7,3.3,3.2,3.7,4.9,3.3,3.6,3,6.2,3.5,3.3,3.2,5.8
22/03/2021,3.8,3.4,3.4,5,5.3,3.2,3.4,4.7,4.8,3.3,3.4,5,5.3,4.8,12.5,11.8,11.9,11,9.1,9.1,9.4,10.2,10.7,9.1,8.5,6.9,6.2,6,5.3,11,6.5,5.3,4.9,6.6,4,4.9,3.9,3.3,3.2,2.9,3.2,3.2,3.4,5.6,3,3.3,3.1,3
23/03/2021,3.5,5.8,3,3.4,3.3,3.5,4.7,4.2,3.7,3.8,3.5,5.1,5.3,3.4,6.4,6.7,11.7,12,10.4,12,12,9.9,7.5,5.9,6.9,10.2,10.9,8.7,6.4,5.4,7.1,12.6,8.2,5.6,4.9,6.3,6.9,3.8,3.6,3,2.9,3.2,5.7,3.5,3,3.2,3.8,5.3
24/03/2021,3.2,3.3,3.2,4.4,5.1,2.9,3.9,3.4,6,5.2,5.5,4.8,3.4,5.3,6.4,7.5,11.8,10,11.6,8.4,6.2,6.6,7,6.4,5.1,6.6,5.9,5.6,6.5,6.7,6.5,6.2,6.5,5.6,4.5,5.1,3.3,4.2,3.8,2.8,3,3,2.8,4.7,5.1,2.9,3.2,2.9
25/03/2021,4.3,6,3.4,3.5,3.3,4.6,5.9,3.6,2.9,3.9,5.2,5.2,3.7,3.7,5.9,7.6,12,11.4,9.4,9.6,7,6.3,6.4,8.6,6.7,6.3,7.2,6.9,6.5,6.7,6.8,7,6.3,5.7,5.2,4.3,4.3,3.1,2.9,3,2.7,3.7,5,3.4,3,3.1,2.9,3.4
26/03/2021,5.7,3.6,3.3,3.4,3.2,4.8,5.3,2.7,3.1,3.8,3.7,6,3.8,3.5,5.5,5.1,10.9,12,12.7,11.6,11,7.2,5.8,7.8,9.4,8.2,6.7,10.1,8.5,6.6,5.5,5.8,6.5,7,5.8,3.5,4.8,3.4,3.3,3.3,2.6,3.4,3.5,3.3,3.4,4.3,5.3,3.2
27/03/2021,3.4,3.3,3.4,5.8,4.3,3.4,3.6,3.7,6.2,4.4,3.7,4,3.9,6.7,5,3.7,3.3,4.1,3.5,6.3,3.8,3.4,3.4,3.5,3.5,3.2,3.4,3.2,3.4,3.2,3.6,3.4,3.6,3.6,3.5,3.4,2.8,4.9,4.4,3.1,3.1,3.1,3.2,3,4.3,4.1,3.1,3.2
28/03/2021,3.1,3.2,3.1,5.4,3.5,3.2,3.5,3,3.6,4.8,4.8,3.4,3.6,3.5,3.4,3.9,5.1,2.6,3.4,3.9,3.3,3.4,3.2,3.2,3.3,3.2,3.3,3.1,3.6,3.3,3.3,3.4,3.4,3.6,3.1,3.2,3,3,3,2.8,4.1,4.4,3,3.1,3.1,2.9,3.1,3.2
29/03/2021,5.2,3.3,3.2,3.1,3.1,2.9,3.3,3.6,4.9,3.5,4,5.1,10.3,8.3,10.8,11,10.6,10.3,8.7,6.7,6.4,7.2,6.5,7.1,6.8,6.9,6.6,6.4,5.9,6.4,5.9,6.3,4.9,3.7,3,3.1,2.9,3.2,2.8,3,3.3,2.8,3.3,2.9,3.3,3.1,3.2,3.5
30/03/2021,3.2,3.5,3.2,3.4,3.5,3.4,3.6,3.3,3.9,4.7,4.8,4.2,3.7,4.8,12.3,12.2,12.1,9.1,7.2,6.7,6.6,6,8.3,8.1,7.4,7.4,7.6,8.6,8.3,8.2,8.9,7.6,4.3,4.4,4,3.3,2.9,3.1,4,2.9,2.7,3.1,3.3,2.7,2.9,2.9,3,3.2
31/03/2021,3.1,3,3.4,3,3.3,3.1,3.1,4.9,5,4.8,3.5,3.4,3.7,5.2,12.7,12.6,8.7,8.6,8.7,8.4,8.4,7.7,9.2,11.1,11.1,10.3,9.9,9.2,10.2,10.7,10.6,10,5.4,4.8,4.2,3.8,3.7,2.8,2.6,2.7,3,3,2.8,2.8,3.1,2.9,3.2,3.2
01/04/2021,3.1,3.1,3.1,3.1,3.3,3.3,3.1,2.9,3.9,3.5,3.6,3.5,3.5,4.6,12.9,12.5,11.2,8.1,5.8,6,8.4,9.2,6.8,5.9,5.8,6.1,9.1,10.9,6.3,6,6,6.3,5.4,3.9,3.2,3.3,3,3.1,3,2.6,3.4,3.3,3,3.1,4.5,4.6,3.3,3.4
02/04/2021,3.2,3.6,5.6,4.6,3.4,3.6,2.9,6.2,5.4,3.8,3.8,4.2,6.8,5.8,12.4,11.2,11.3,11.2,11.1,8.6,7.7,7.2,4.9,6.2,5.5,4.5,5.7,8.6,5.7,5.3,5.4,5.1,3.5,3.4,3.2,3.2,3,3.3,3,3.1,3,3.3,3,3.1,3,3.2,5.8,3.3
03/04/2021,3.2,3.3,3.3,5,4.8,3.3,3.3,2.8,5.3,5.4,3.5,3.6,3.7,4.9,5.2,3.4,3.6,3.4,3.3,5.5,3.6,3.4,3.3,3.3,3.4,3.4,3.2,3.2,3.3,3.4,3.4,3.3,3.4,3.4,3.3,3.1,3.2,3,3,3.1,3.1,3,3.1,3,4.4,4.5,3.2,3
04/04/2021,3.6,4.5,5.2,3.3,3.2,3.2,4.6,5.4,3.5,3.8,3.9,6.1,4.8,3.6,3.8,5.3,5,3.4,3.4,3.4,3.4,3.2,5.4,3.3,3.3,3.4,3.3,3.2,3.6,3.3,3.6,3.4,3.4,3.7,3.1,3.2,3,3,3.3,2.9,3,2.8,4.7,4.6,3.3,2.9,3.2,3.1
05/04/2021,5.7,3.3,3.2,3.1,3.9,5.8,3.7,3.3,3.8,5.6,5.4,5.5,11.6,11.1,12.8,12.1,12.1,11.9,8.3,7.1,6.2,8.1,9.6,5.3,5.4,8.3,9.7,5.1,5.4,10.9,6.9,4.3,3.7,3.7,3.4,2.9,3.5,3.2,3.7,5.9,3.4,3.4,3.3,5.4,4.9,3.4,3.4,4.7
06/04/2021,6.3,3.5,3.4,4.5,6.3,4.3,3.5,4.2,6.5,4.8,3.7,5.1,6.5,6.6,14.3,12.7,12.7,13.4,12.2,8.7,9.3,5.2,8.2,9.8,7.3,6.9,8,7.7,6.9,8.2,11.8,8.1,4.9,4.2,3.7,3.3,3.6,3.2,5.8,4.9,3.5,3.4,4.9,5.9,3.5,3.1,5.4,6.1
07/04/2021,4,3.8,3.3,5.8,5.8,3.6,4.1,8,7,4.2,3.8,6.6,5.6,5.2,13.6,15.7,15.5,14.9,15.3,12.5,11.8,12.4,11.7,12.7,9,7.3,14.3,14,9.4,8.1,8.7,8.9,4.3,6.9,4.4,5.2,4.5,6,4,3.4,4.5,5.6,3.2,3.9,6.1,3.5,3.5,5.3
08/04/2021,4.6,3.3,6,5.2,3.4,4.9,5.8,5.1,3.7,5.1,6,3.8,4.2,7,12.1,12.1,12.8,10.3,8.7,6.2,7.2,7,9.4,7.3,7.3,7.3,8.3,7.8,7.7,7,9,7,5.3,4.2,3.6,4.9,5.2,3,4.9,4.3,3.2,2.9,4.3,5.6,2.9,3.1,4.8,5.2
09/04/2021,3.1,3.3,5.8,3.9,3.5,4.5,6.3,3.4,3,6.4,5.6,3.6,4.6,7.3,12.5,10.6,12.3,11.8,11.5,11,8.2,5.6,7.1,8.7,9.9,8.1,5.8,5.7,8,6.2,9,6,5,4.6,3.2,3.3,3.2,3,3.2,3.2,5.7,4.4,3.3,3.7,6.2,3.8,3,5.2
10/04/2021,6.1,4.6,3.6,5.1,6.2,6.6,4,3.8,6.2,6.6,6.4,4.7,4.1,6.8,6.4,4.6,3.9,5.9,5.4,3.4,4,5.4,3.8,3.5,3.2,4.9,4.4,3.4,3.6,5.9,4.6,3.7,4,6.6,4.6,3.4,4.2,6.2,4,3.4,5.8,6.2,4.3,3.6,5.7,5,3.5,5.8
11/04/2021,6.4,4,4.5,6.4,6.4,4.9,3.2,6.1,6.3,6.8,6.6,4.6,4.9,6.6,6.7,5.6,3.8,6,5.7,3.5,4.2,5.6,3.4,3.8,5.5,3.5,3.4,4.7,4.6,3.7,3.4,3.5,3.6,3.7,3.2,3.5,3.2,4.2,5.6,3.2,4.1,6,5.6,3,4.2,6.6,6.1,3.9
12/04/2021,4.2,6,6.1,4.6,3.4,6.4,6.2,4.7,4.1,6.7,6.6,7.3,15.1,14.3,16.3,16.6,17.6,15.1,12.3,7.6,7.8,7.8,7.6,6.7,7.7,7.5,6.3,8.4,7.7,5.4,5.3,6.5,4.2,3.8,3.3,3.4,3,3.3,2.8,3.5,3.8,6.1,3.6,3.7,4.7,6,4.8,3.6
13/04/2021,4.6,6.6,3.9,4,6.6,5.8,3.9,4.8,6.9,6.6,6.8,6.8,4.1,6.2,14.5,12.9,12.5,12,11.2,7.1,6,8.2,6.8,5.9,6.1,6,7,6.1,5.9,6.9,7.3,5.8,4.7,3.8,4,2.9,3.5,3.9,2.8,3.6,5.5,3.2,3.1,3.5,5.7,3.5,3.4,4.5
14/04/2021,6.1,3.8,3.5,4.5,5.6,3.7,3.6,6.9,7.5,4.6,4.2,6.5,4.3,5.4,12.4,12.6,12.1,9.4,8.7,6.9,6.9,6.1,5,5.1,6.9,6.5,5.8,6,5.5,5.9,7,8.6,5.4,4.7,3.6,3.6,4.8,3.4,3.2,3.2,3.5,5.7,3.8,3,3.1,6,4.5,3.4
15/04/2021,4.2,6.2,4.5,3.6,4.5,6.4,4.2,3.7,6.1,6.6,5.3,3.8,6.2,7.7,12.5,12.3,12.2,11.3,6.6,5.7,6.2,6.4,8.2,5.6,6.3,5.5,7.8,6.6,6.4,6.3,6.6,5.4,4.8,3.4,3.2,3.2,3.2,3.1,3.1,3.1,3.2,4,5.1,3.2,3.4,3.5,6.1,3
16/04/2021,3.8,4,6.5,4.5,4,4.6,6.4,3.8,3.9,6.1,6.7,3.9,4,7.9,11.8,9.5,11.8,11.6,7.8,4.6,6.8,7.8,5.6,6.5,6.4,7.3,6.9,6.8,6.4,6.1,6.3,6,4.4,3.4,3.3,3.2,3,3.1,3,3.8,5.3,3.2,3,3.3,4.2,5.6,3.3,3.3
17/04/2021,3.8,5.6,4.8,3.4,3.7,6.5,4.8,3.5,4.7,6.7,5.7,3.9,4.5,6.7,5.1,3.6,3.5,6,4,3.3,3.3,4.6,4.3,3.4,3.2,3.3,3,3.2,3.3,3.3,3.2,3.3,3.4,3.4,3.1,3.1,2.8,3,3,3.1,3,2.8,3.5,3.4,5.8,3.5,3.3,3.3
18/04/2021,4.6,6,3.2,3.5,4.4,5.3,3.5,3.4,5.4,5.9,3.6,3.9,4.7,6.5,3.8,3.7,3.7,4.9,4.5,3.4,3.3,3.3,3.2,3.3,3.2,3.3,3.2,3.1,3.3,3.3,3.3,3.3,3.3,3.4,3.1,3,2.9,2.9,2.7,2.8,3.5,3.1,5.4,3.4,3,3.1,3.2,5.5
19/04/2021,4,3.3,3.2,4.4,5.9,3.3,3.6,4,6.6,4.6,4,5.4,13.8,10.5,11.7,11.8,10,6.3,7.1,7.6,7.6,8.9,6.8,8.2,7.1,6.9,7.2,7.1,6.6,7.3,6.4,6.5,4.4,4.5,3.3,2.9,2.8,2.8,2.8,3.1,3.1,2.9,3.1,3,3.1,3,3.1,3.1
20/04/2021,3.2,3.4,3.3,3.3,3.1,3.2,3.2,3.2,3.9,5.8,4.5,3.7,3.6,5,14.1,12.8,10.8,7.6,8.1,8.2,7.9,8.7,8.2,8.9,8.8,8.5,8.9,9.3,8.6,9.1,8.4,6.1,4.7,4.3,4,2.9,2.9,2.9,3,3,3,3.1,2.9,3.1,3.1,3.2,2.8,3.7
21/04/2021,3.1,3.2,4.8,4.7,3.2,3.3,3.1,4.3,4.8,5.1,3.4,6,4.1,4.9,13.2,12.1,8.6,6.9,6.4,6.1,7.6,8.7,10,7.3,6.4,8,8.5,8,7.9,7.9,7,7.8,5.9,6.1,5.9,5.5,3.3,2.9,3.3,3.2,2.6,3.1,3.4,3.1,3.2,4.7,5,3.6
22/04/2021,3.5,3.4,5.3,5.3,3.6,3.5,4.2,6.2,4.8,4,3.6,6.6,6.2,5.6,13.6,12.5,11.8,7.9,6.2,8.7,7.2,7,7.7,7.1,7.8,7.8,7.4,6.9,7.8,7.9,7.7,6.8,5.2,2.8,2.7,2.8,2.6,2.7,2.7,2.6,2.4,2.8,2.5,3.4,2.5,2.7,3.9,5
23/04/2021,2.9,3,2.9,5.5,4,3.3,2.9,5.7,4.1,3.7,4.1,5.8,4.2,4.7,11.8,10.8,11.2,6.2,8.6,8.5,6.8,6.9,7.4,8,8.7,8.3,7,7.7,7.7,7.4,6.9,5.9,4,3,2.6,2.8,2.4,2.7,2.5,2.9,3,2.6,2.6,2.6,4.2,4.3,2.9,3.1
24/04/2021,2.8,4.9,3.5,3,2.7,5.3,4.3,3.1,3.1,5.2,5.2,3.4,3.4,4.1,5.7,3.1,3.5,3.6,3.7,4.2,3,2.8,2.9,2.8,2.6,2.8,2.5,2.9,2.7,2.8,2.8,2.9,2.7,2.9,2.6,2.6,2.6,2.4,2.8,2.4,2.5,2.8,2.5,2.8,2.8,4,4.2,3.1
25/04/2021,2.8,3.3,5.6,3.8,3.4,3.3,5.3,4.9,3.3,3.4,5.8,5.7,3.6,3.3,4,5.7,3.4,3,3,4.2,4.6,2.9,2.8,3,2.9,3.4,4.1,2.7,3,2.9,3,2.8,2.9,3,2.7,2.7,2.8,2.6,2.5,2.7,2.6,2.6,3,2.5,3,3.2,5.2,3.7
26/04/2021,2.9,3,2.9,5.5,4,3.3,2.9,5.7,4.1,3.7,4.1,5.8,4.2,4.7,11.8,10.8,11.2,6.2,8.6,8.5,6.8,6.9,7.4,8,8.7,8.3,7,7.7,7.7,7.4,6.9,5.9,4,3,2.6,2.8,2.4,2.7,2.5,2.9,3,2.6,2.6,2.6,4.2,4.3,2.9,3.1
27/04/2021,2.8,4.9,3.5,3,2.7,5.3,4.3,3.1,3.1,5.2,5.2,3.4,3.4,4.1,5.7,3.1,3.5,3.6,3.7,4.2,3,2.8,2.9,2.8,2.6,2.8,2.5,2.9,2.7,2.8,2.8,2.9,2.7,2.9,2.6,2.6,2.6,2.4,2.8,2.4,2.5,2.8,2.5,2.8,2.8,4,4.2,3.1
28/04/2021,2.8,3.3,5.6,3.8,3.4,3.3,5.3,4.9,3.3,3.4,5.8,5.7,3.6,3.3,4,5.7,3.4,3,3,4.2,4.6,2.9,2.8,3,2.9,3.4,4.1,2.7,3,2.9,3,2.8,2.9,3,2.7,2.7,2.8,2.6,2.5,2.7,2.6,2.6,3,2.5,3,3.2,5.2,3.7
29/04/2021,4.7,4.9,5,4.9,6,4.8,3,3.7,4.7,4.8,5.1,6.1,2.7,3.9,9.1,9.1,9.7,9.8,10,10.8,8.3,9.5,10.2,10.1,9.6,10.1,10,9.7,8.6,7.5,8,6.3,3.7,3,2.9,2.4,2.5,2.4,2.5,2.5,2.6,2.3,2.5,4.9,4.3,3.3,4.6,3.6
30/04/2021,4.8,4.6,4.5,5.4,6.3,5,4.8,4.8,4.7,5.7,5.7,4.9,5,6.1,10.5,9.8,9.4,9.6,9.2,10.1,9.1,9,8.8,8.8,9,9,9.3,9.7,10.1,9.7,9.6,7.9,4.9,4.8,5.2,4.5,5.5,4.5,4.3,4.7,4.5,5.1,5.4,4.8,4.6,4.4,4.7,5.6
01/05/2020,5.1,4.8,4.4,4.8,5.6,5.2,5.3,4.5,5.7,7.7,6.9,7.2,4,4.8,9.5,9.5,9.4,6.9,7.3,7.2,9.2,9.7,7.6,7.1,7,7,7.5,8.5,9.2,8.3,7.3,5.7,2.9,2.5,2.9,2.4,2.5,2.2,2.7,2.2,3.4,4.5,4.4,3.8,4.4,3.3,4.4,4.7
02/05/2020,4.3,4.7,4.3,4.5,4.4,4.8,5.5,2.4,3,4.8,5.5,4.8,3,3.3,4.1,5.7,4.5,2.6,2.7,3.2,4.7,5.4,3,2.6,2.6,2.7,2.6,4.1,4.4,2.7,2.8,2.8,2.6,2.8,2.5,2.7,2.3,2.3,2.4,2.5,2.2,2.5,3.4,4.4,4.4,4.6,2.4,4
03/05/2020,4.3,4.6,5.7,3.5,2.6,4.5,5.4,6.4,5.2,5.3,5.2,5.5,5.2,2.9,2.6,4.7,5.5,4.6,2.6,2.8,2.6,2.4,2.4,4.3,3.6,2.4,2.4,2.4,2.3,2.5,2.6,2.7,4.8,5,2.6,2.3,3.1,3,3,4.8,4.2,4.2,4.3,4.4,4.6,4.9,4.8,4.3
04/05/2020,4.6,4.6,4.7,5.2,5,4.6,4.7,4.8,5.6,3.7,2.6,4.9,9.2,9.7,8.3,6.9,8.2,9.6,10.4,10,10.1,8.8,8.3,8.6,8,9.9,10,8.6,6.5,7.1,6.9,6.3,2.4,2.6,2.4,2.3,2.4,2.1,2.3,2.2,2.4,2.3,2.2,3.4,4.2,4.5,3.2,2.5
05/05/2020,3.8,4.4,4.6,5.5,4.4,4.5,4.8,4.8,5.1,4.6,5,4.8,5,6.1,10.6,9.6,10,9.2,9.5,11,10.3,10,10.2,10.5,9.9,10.4,8.7,7.3,7.7,7,7.8,7,2.6,2.4,2.6,2.3,2.3,2.3,2.3,2.3,2.3,2.2,2.4,3.6,4.3,3.3,2.6,3.2
06/05/2020,4.9,5.3,4.6,4.7,5.1,4.3,5,4.9,5.2,4.8,4.9,4.9,4.6,5.9,10,9.5,9.3,9.6,10.5,9.5,10.2,9.6,9.8,10.2,9.7,9.2,7.9,7.2,7.3,7.8,7.6,6.5,2.5,2.2,2.4,2.2,2.2,2.1,2.2,2.1,2.2,2.3,2.3,2.2,2.3,2.3,3.4,4.5
07/05/2020,4.3,2.4,2.4,3.2,4.3,4.6,4.5,4.7,5,5,4.6,5.6,2.8,4.1,8.8,9.6,10.4,9.8,8.3,8.1,7.7,10,9.8,9.3,7.5,6.7,6.8,7.2,6.7,5.9,6.9,4.8,2.1,2.3,2.3,2.1,2,2,1.9,2.1,2.1,2.1,2.2,2.2,4.4,4.4,2.5,2.5
08/05/2020,2.3,3.5,4.7,4.4,4.3,2.6,2.5,3.8,4.6,3.4,2.6,2.4,2.8,5.9,9.4,8.5,7.1,7,7.1,7.6,7.8,8.8,8,6.7,6.6,6.7,7.3,6.9,6.3,6.2,5.2,4.4,2.3,2.3,2.3,2,2.2,1.9,2.1,2.2,2.1,2.1,2.2,2.2,2.2,2.2,3,4.6
09/05/2020,4.5,3.4,2.4,2.5,4.2,4.6,4.3,2.6,2.3,2.4,4.7,4.8,3,2.3,2.4,2.5,3.8,4.2,3.1,2.2,2.1,2.2,2,2.1,2.9,2.4,2.3,2.6,2.6,3,2.5,2.2,2.2,2.2,2.3,2,2,1.8,1.9,2,2,2,2.1,2.2,2.1,2.3,2.3,2.8
10/05/2020,4.7,4.5,2.9,2.4,2.3,3.9,4.6,4.6,2.8,2.2,3,4.8,4.8,3.6,2.2,2.7,2.7,2.5,4.3,4.7,2.7,2.5,2.7,3.1,4.9,4,2.8,2.5,2.6,4.6,4.8,3.5,2.6,2.8,2.8,2.6,2.4,2.6,2.2,2.5,4.4,4.7,4.4,4.9,5.6,5.1,5,4.7
11/05/2020,5,5.2,6,5.6,5.1,4.9,5.1,5.2,7.1,5.4,4.5,6.5,9.7,10.9,9.5,7,10,9.5,10.3,10.8,7.8,9.8,10,8.6,8,9.2,8.4,7.4,7.2,7.6,8.2,6,2.7,2.7,2.5,3,2.5,2.3,2.2,2.3,2.3,2.4,2.4,2.5,2.3,2.6,2.4,2.9
12/05/2020,3.6,4.9,2.8,2.9,2.6,2.6,4.3,4.8,2.7,2.3,3,3.8,4.5,4.6,7.4,6.7,9,10.1,11.8,10.3,9.6,10.3,11.1,9.4,9.5,8.8,7.8,6.6,7.2,4.4,5.3,4.1,3.6,3.7,2.6,2.4,2.5,2,2.1,2.8,2,2.2,2.3,2.3,2.3,2.4,2.2,2.5
13/05/2020,2.4,2.6,2.6,2.3,3,2.4,2.5,2.7,2.7,2.7,2.5,2.6,2.6,4.9,14.4,11.1,8.7,7.6,7.2,6.2,7.5,7.1,7.6,11.5,9.9,9.4,9.3,7.9,7.4,8.7,7.2,7.5,5.1,5.3,4.8,2.5,2.3,2.4,4.3,4.2,4.9,4.6,4.7,4.4,4.7,4.6,2.5,2.8
14/05/2020,2.7,2.3,2.9,3.4,2.6,2.4,3.1,2.5,3.1,2.6,3.2,2.6,2.8,4.3,8.9,6.6,6.5,6.8,6.7,7.1,7.2,7.1,7.3,6.6,6.5,6.8,6.8,6.9,6.8,7.2,7.4,5.5,2.8,2.6,2.8,2.2,2.4,2.3,2.3,2.1,2.3,2.1,2.4,2.1,2.4,2.2,2.5,2.4
15/05/2020,2.5,2.5,2.4,2.5,2.4,2.4,2.9,3.2,2.4,2.1,2.5,2.2,2.6,4.3,8.2,6.3,6.8,6.6,7,7.1,7.2,7.6,7.8,7.9,7.7,7.1,7.2,6.7,7.4,7,7.2,5.7,2.9,2.7,2.8,2.3,2.6,2.3,2.3,2.2,2.2,2.6,2.3,2.5,2.2,2.3,2.3,2.5
16/05/2020,2.6,2.4,2.4,2.4,2.6,2.2,2.7,2.2,2.6,2.4,2.5,2.5,2.5,2.5,2.4,2.7,2.7,2.6,2.8,2.5,2.6,2.5,2.5,2.5,2.6,3.2,3.2,2.2,2.2,2.6,2.4,2.7,2.5,2.5,2.6,2.4,2.3,2.2,2.2,2.1,2.1,2,2.4,2,2.3,2.3,2.2,2.4
17/05/2020,2.3,2.4,2.3,2.3,2.6,2.1,2.5,2.2,2.5,2.2,2.7,2.3,2.6,2.4,2.6,2.6,2.7,2.5,2.4,2.3,2.4,2.3,2.4,2.4,2.4,2.2,2.4,2.4,2.3,2.4,2.6,2.3,2.4,2.5,2.4,2.3,2.2,2.3,2.1,1.9,2.1,2.2,2.2,2.2,2.4,2.1,2.2,2.2
18/05/2020,2.4,2.3,2.4,2.3,2.5,2.3,2.4,2.3,2.3,2.2,3,5,7.2,6.3,6.9,6.6,7.8,8.3,6.8,8.4,7.8,7.5,8.6,7.7,7.3,7.3,6.9,6.6,7,6.8,7.5,5.9,2.3,2.4,2.6,2.3,2.2,2.1,2.1,2.2,2.1,2,2.2,2.3,2.1,2.1,2.1,2.3
19/05/2020,2.3,2.4,2.5,2.3,2.2,2.4,2.1,2.4,2.2,2.4,3,2.4,2.1,3.7,6.9,6.8,8,7.7,5.6,7.1,5.1,5.5,5.5,4.5,4.4,4.8,5.3,4.1,3.7,4.5,5,4.7,2.8,2.3,2.2,2.1,2.1,2,2.3,2.2,2.1,2.1,2.4,2.2,2.1,2.2,2.3,2.4
20/05/2020,2.2,2.4,2.3,2.5,2.4,2.5,2.4,2.6,2.2,2.2,2.7,3.1,2.4,3.5,7.8,6.9,7.6,8.3,7.9,8.3,8.5,9.1,7.2,5.9,7,6.6,6.3,5.8,5.5,5.7,6.8,6,2.7,2,2.1,2,1.9,1.7,2.3,1.9,1.9,1.8,1.9,2,1.9,2,2.1,2.2
21/05/2020,2.4,2.2,2.3,2.3,2.3,2.2,2.3,2.3,2.4,2.3,2.4,2.5,3.1,3.6,7.4,7.1,8.6,7.5,7.2,8.1,8.6,8.9,8.1,8,9,8,6.8,8.6,7.4,7.3,6.7,4.6,2.4,2.9,2.3,2,2.1,1.8,1.9,2,2,2,2,2,2,1.8,2.1,2
22/05/2020,2.5,2.7,1.9,2.1,2.3,2.3,2.2,2.4,2.3,2.3,2.3,2.4,3.3,3.2,4.7,3.9,4.5,4.8,4.5,5.2,4.5,4.6,4.6,4.3,4.1,4.3,4.3,4.3,5,4.6,4.7,4,2.4,2.6,2.6,2.3,2.4,2.1,2.1,2.4,2.1,2.2,2.2,2.2,2.1,2.3,2.2,2.3
23/05/2020,2.6,2.2,2.3,2.5,2.5,2.3,2.5,2.2,2.7,2.5,2.3,2.4,2.5,2.2,3.1,3.4,2.6,2.4,2.3,2.5,2.4,2.5,2.5,2.5,2.5,2.5,2.6,2.4,2.5,2.5,2.6,2.5,2.5,2.7,2.5,2.5,2.3,2,2.2,2.4,2.2,2.3,2.2,2.2,2.1,2.4,2.1,2.4
24/05/2020,2.3,2.4,2.3,2.4,2.3,2.3,2.5,2.3,2.4,2.4,2.5,2.4,2.4,2.4,2.5,2.6,2.8,2.6,2.7,2.5,2.5,2.5,2.4,2.6,2.6,2.5,2.4,2.4,2.5,2.5,2.5,2.4,2.6,2.5,2.5,2.2,2.2,2.3,1.9,2.2,2.2,2.2,2.1,2.3,2.2,2.2,2.3,2.3
25/05/2020,2.5,2.3,2.4,2.5,2.3,3.2,3.3,2.4,2.2,2.8,2.3,3.3,4,3.8,3.6,4.2,4.4,4.2,4.4,4.7,5,4.6,4.5,5.6,4.5,4.4,4.6,5.3,4.3,4.8,5.2,4.1,2.4,2.3,2.4,2.2,2,1.9,2,1.9,1.9,2.2,2,2.2,2.3,2,2.2,2.4
26/05/2020,2.3,2.4,2.1,2.3,2.3,2.4,2.5,2.4,2.4,2.4,2.3,2.5,3,3.2,4.9,4.4,6.5,6.7,7.6,6.6,6.5,5,5,5.2,5.7,5.7,6.6,4.9,4.7,4.3,4.5,3.7,3.7,3.5,2.5,2,2.1,2,2,2,2.3,2.1,2.2,2.5,2.5,2,2.2,2.3
27/05/2020,2.5,2.3,2.2,2.5,2.4,2.4,2.4,2.4,2.4,2.4,2.4,2.6,4.6,4.5,5.4,4.7,5.3,6.7,6.8,7,7.6,5.9,5.6,8,8.4,7.1,8.1,5.3,5.7,6.3,5,4.4,2.7,3.6,3,1.9,1.9,1.8,2,1.8,2,2.1,2.1,2.1,2.2,2.1,2.2,2.3
28/05/2020,2.4,2.3,2.3,2.3,2.4,2.2,2.5,2.2,2.4,2.1,2.8,2.9,3.1,3.4,5.3,4.5,5.8,5.6,5.9,7.2,5.4,5.9,7.3,7.1,5.4,5.9,6.5,5,5.8,7.7,6,4.3,2.2,2.2,2.5,2.1,1.9,1.7,1.7,1.8,2,1.8,1.9,2,1.9,1.9,2,2.3
29/05/2020,2.3,2.3,2.3,2.3,2.4,2.3,2.4,2.2,2.3,2.5,2.3,2.4,2.4,4.4,6.2,5.5,5.6,7.4,6.4,6.1,6.9,6.2,5.7,6.4,6.1,5.3,6.5,5.2,5.7,6.6,6,4.1,2.2,2.2,2.2,1.9,1.8,1.7,2,1.8,2.6,1.9,2.1,1.9,2,2,2.2,2.3
30/05/2020,2.3,2.3,2.3,2.2,2.2,2.3,2.5,2.1,2.5,2.4,2.2,2.4,2.3,2.5,2.3,2.4,2.5,2.4,2.2,2.1,2.2,2.2,2.1,2,2.1,2,2,2,2.1,2.1,2.2,2.1,2.2,2.1,2.1,1.8,1.9,1.8,1.8,1.8,1.8,1.9,1.9,1.9,2,2.1,2.2,2.3
31/05/2020,2.2,2.2,2.3,2.1,2.2,2.3,2.3,2.4,2.2,2.4,2.3,2.3,2.4,2.4,2.3,2.4,2.4,2.2,2.1,2,2.1,2,1.9,2,2,2,2,2,2,2.1,2.1,2.1,2.1,2.1,2.1,2,1.8,1.7,1.7,1.8,1.8,1.8,1.9,1.9,2,2.1,2,2.2
01/06/2020,2.3,2.2,2.3,2.1,2.3,2,3.1,3.2,2.2,2.2,2.2,3.8,7.7,5.6,6.4,7,7.5,7.5,8.3,7.5,6.8,7.9,7.8,7.7,6.9,7.8,8.3,7.3,7.2,8.6,6.8,4.5,2.8,2.6,2.1,1.8,1.9,1.7,1.7,1.8,1.8,1.8,1.9,1.8,1.9,2.1,2.4,2.3
02/06/2020,2.3,2.1,2.3,2.2,2.1,2.3,2.4,2.2,2.2,2.3,2.3,2.3,3.1,4.2,7.7,6.7,7,9,7.8,7.8,7.6,8.3,7.9,8.9,8,8.4,8,7.8,8,8.9,9.1,6.7,4,3.1,2.3,1.9,2,1.9,1.9,1.8,2,2.3,2,2.1,2,2.1,2.2,2.2
03/06/2020,2.3,2.3,2.3,2.2,2.3,2.3,2.3,2.4,2.4,2.4,2.3,2.6,3.4,4.2,7.3,6.2,7.6,7.4,7,6.8,8.1,8.7,8.7,9.4,8.1,5.9,6,5.7,5.3,6.9,5.5,5.5,3.4,3.8,3.1,2.4,2.5,2.4,2.3,2.3,2.1,2.4,2.2,2.3,2.2,2.5,2.6,2.5
04/06/2020,2.3,2.5,2.2,2.4,2.4,2.6,2.4,2.7,2.4,2.6,2.3,2.8,5.1,4.5,5.5,5,5.6,6,5.8,5.2,5.5,6.7,6.8,5.3,8,7.8,6.4,5.6,5.6,5.5,6,4.6,4,3.6,2.8,2.4,2.5,2.3,2.4,2.3,4.2,3.5,2.4,2.5,2.9,2.1,4.3,4.5
05/06/2020,2.4,2.5,2.6,3.6,4.9,3.1,2.5,2.5,2.9,4.8,3.9,2.9,3.5,3.7,6.6,9,7,5.9,6.3,6.2,9,7.5,4.9,7.2,7,4.7,5.4,6,6.4,5.3,4.9,4.4,3.7,3.3,3,2.4,2.8,2.8,2.2,2.6,2.4,2.4,2.9,4.9,3.8,2.5,2.5,3
06/06/2020,5.1,4.7,2.8,2.6,3.5,4.9,4.7,4,3.1,2.5,4.6,4.9,3.1,2.7,3,5.3,4.1,2.9,2.6,2.9,2.6,2.8,3.5,4.4,2.7,2.5,2.8,2.5,2.8,2.8,3,2.7,2.7,2.8,2.7,2.4,2.5,2.3,2.3,2.3,2.3,2.3,2.2,3,3.1,3.6,4.2,2.7
07/06/2020,2.3,2.5,2.6,4.9,3.7,2.5,2.6,2.9,4.9,3.5,2.7,2.6,2.6,4.3,4.3,2.8,2.8,2.7,2.8,4.6,3.5,2.6,2.6,2.7,2.5,2.6,2.7,4.2,3.2,2.9,2.7,2.7,2.8,2.8,2.8,2.3,2.6,2.3,2.3,2.2,2.5,4.6,2.6,2.6,2.3,2.5,3.5,4.7
08/06/2020,2.8,2.6,2.6,3.4,4.8,3.4,2.6,2.6,3.1,5.2,3.7,3.8,7.6,8,8.8,7.9,7.4,8.3,8.9,8.2,9.3,9.4,8.2,6.3,6.7,6.4,6.9,5.4,5.2,5.2,5.3,4.3,3.7,3.2,3.1,2.3,2.2,2.2,2.2,2.3,2.3,2.3,2.1,2.5,2.2,2.2,2.6,4.7
09/06/2020,3.2,3,2.3,2.4,2.6,4.9,4.2,2.5,2.4,2.7,2.8,5.1,5,5.4,5,6.3,8.2,8.6,5.9,5.8,5.1,5.2,5.2,5.2,5.4,5,5.2,4.7,5.1,5.6,4.9,4.5,4.4,3.9,3.2,2.4,2.3,2.1,2.2,2.6,2.3,2.1,2.3,2,2.2,2.1,2.2,2.3
10/06/2020,2.4,2.5,2.3,2.6,2.1,2.5,2.3,3.2,2.3,2.2,2.5,2.6,5,4.3,5,6.4,7,7.3,6.1,6.4,7.2,7.2,6.8,6.7,6.6,6.7,6.2,6.3,5.4,5.9,4.7,4.4,3.7,3.4,2.5,2.2,2.3,2.2,2.1,2.2,2.2,2.1,2.1,2.2,1.9,3,2.1,2.1
11/06/2020,2.4,2.3,2.4,2.3,2.7,2.3,2.6,2.3,2.4,2.5,2.3,2.8,4.8,3,4.6,6.4,6.5,6.8,6.1,6.5,7.3,6.3,6.1,7.9,8.8,6.4,5,4.8,5.3,5.5,4.8,4.4,3.8,4.1,3.9,3,2.3,2.4,2.1,2.4,2.2,2.3,2.3,2.3,2.2,2.4,2.1,3.1
12/06/2020,2.4,2.2,2.4,2.4,2.3,2.6,2.5,2.5,2.4,2.3,2.5,2.7,4.4,3.2,7.1,6.8,7.1,5.7,4.7,5.3,5.3,4.5,5,5,5.6,5.4,5.1,5.2,4.9,4.9,4.5,7.4,4.2,3.6,2.6,2.2,2.1,2.2,2,2.6,2.2,2.1,2.2,2.4,2.2,2.3,2.3,2.4
13/06/2021,2.7456,2.576,2.8656,2.5696,2.9104,2.528,2.8736,2.4736,2.7232,3.6688,3.7456,2.9632,2.8208,2.984,2.8448,2.728,3.4896,2.6816,2.5664,2.5456,2.5504,2.44,2.4672,2.5248,2.344,2.3888,2.656,2.3888,2.5856,2.6016,2.608,2.68,2.6176,2.5312,2.4272,2.2576,2.1168,2.1776,2.1968,2.0544,2.136,2.1744,2.3264,2.2352,2.2272,2.328,2.304,2.4112
14/06/2021,2.4816,2.3088,2.6016,2.4672,2.672,2.4528,2.7792,2.6016,2.824,2.8688,2.9136,5.088,9.7085,8.8435,12.128,11.1965,9.48,8.8995,8.3565,9.0435,12.128,9.902,8.242,8.728,8.8575,8.307,10.069,11.1485,8.757,8.6815,7.8815,7.498,4.8608,3.9344,3.736,2.8896,2.576,2.3376,2.7136,2.424,2.6592,2.5872,2.5056,2.3968,2.7632,2.2832,3.4224,4.5584
15/06/2021,2.8448,2.6944,2.7872,2.7488,2.8112,2.6544,4.9744,3.2032,3.16,2.9264,3.1744,2.7232,3.8656,8.7245,13.512,12.336,9.52,8.3475,8.2925,8.6575,10.29,10.662,7.984,8.49,9.6205,9.0915,8.59,8.688,8.821,8.4465,8.907,7.248,4.9667,3.6448,3.5456,3.176,2.2688,1.9856,2.3712,2.048,2.3808,2.4464,2.464,2.656,2.4,2.4544,2.6256,2.7328
16/06/2021,2.616,2.6496,2.6448,2.7424,2.5616,2.984,2.5248,4.2384,5.067,4.3778,2.9648,2.752,3.0224,5.1805,12.6755,10.232,9.822,10.1905,9.976,10.4975,10.181,10.008,10.3265,9.4925,9.2115,10.6255,9.5905,9.619,9.645,9.771,10.1475,7.347,3.685,3.8464,3.8112,3.4304,3.8368,3.248,2.296,2.4912,2.3824,2.5888,2.4256,2.6144,2.368,2.7104,2.5552,2.8256
17/06/2021,2.5536,2.7312,2.5408,2.848,2.5696,2.6992,2.6672,2.808,3.1648,3.0464,3.1232,4.9264,2.9472,4.928,9.123,8.683,8.64,9.122,9.248,8.1375,8.4625,8.6285,9.6975,8.309,8.379,8.1475,8.379,8.3905,8.029,7.739,8.2305,6.96,4.5809,3.3888,2.5072,2.416,2.5344,2.192,2.4768,2.3952,2.6112,2.408,2.608,2.4528,2.4736,2.5872,2.5824,3.4624
18/06/2021,2.7088,2.5584,2.9232,2.504,4.4368,3.392,2.76,2.5776,3.0112,2.8176,3.3136,4.696,3.6528,4.688,8.2575,8.1535,9.421,9.1055,9.819,7.0945,7.653,8.027,8.1695,7.6175,8.0705,8.517,6.9905,7.654,8.4305,6.901,7.1745,6.32,3.856,5.019,2.6658,2.736,2.568,3.104,2.96,2.5328,2.5776,2.4752,4.3344,3.0816,2.8416,2.5632,2.9584,2.6928
19/06/2021,2.7568,5.883,2.7442,2.5952,2.9312,2.5216,3.2064,4.7968,3.2704,3.0688,3.2368,2.9952,3.2416,5,3.0208,2.9248,3.0704,2.6976,3.0464,2.6448,2.8816,2.6048,2.5168,2.824,2.568,2.5552,2.7024,2.504,2.7584,2.744,2.7488,2.6384,2.7424,2.9632,3.3232,2.5728,2.2464,2.4208,2.4,2.5456,2.5168,2.5728,2.6592,2.5776,2.6272,2.4784,2.824,2.5152
20/06/2021,2.992,2.6864,2.7232,2.6736,2.9312,2.576,2.8928,2.6608,5.1055,3.7345,3.2736,2.9312,3.184,3.0416,3.1408,3.7536,3.0496,2.7408,3.0032,2.8672,2.8688,2.7664,2.7456,2.568,2.6624,2.6656,2.6432,2.7952,2.6032,3.6144,3.408,2.6416,2.528,2.856,2.5584,2.3904,2.368,2.3776,2.328,2.5488,2.5808,2.5568,2.5088,2.6816,2.3824,2.5136,2.6384,2.8864
21/06/2021,2.688,2.816,2.6752,2.8704,3.712,4.1312,2.7792,2.9696,2.696,3.1904,3.1104,4.44,9.904,7.632,6.44,5.936,5.8975,7.4175,6.787,7.4625,6.2175,6.8915,6.9725,6.6625,7.2675,7.9135,7.2605,6.989,7.224,6.8945,6.075,5.6195,3.872,4.3392,3.6144,3.2944,2.736,2.4544,4.2336,3.1264,2.6144,2.6336,2.728,2.7456,2.768,4.8512,2.8176,3.0048
22/06/2021,2.784,2.8432,4.8672,4.1248,3.0992,2.5344,3.8048,4.9216,3.1776,3.224,3.592,5.6095,3.1201,5.1085,8.9695,6.5745,9.904,8.1265,7.4095,7.1715,7.9725,8.7905,6.5695,7.2755,7.4895,8.795,7.4975,6.7555,8.088,8.44,6.8605,6.616,3.882,4.3408,4.0816,3.336,2.544,2.4336,2.2928,2.5168,2.5072,2.4736,2.6928,2.3584,2.7312,2.672,2.9424,2.6912
23/06/2021,2.5712,3.3808,2.8288,3.9904,3.8448,2.6416,2.7568,4.4608,4.528,4.9568,3.712,3.472,4.2992,5.158,8.421,7.8865,7.331,7.0815,8.2545,8.389,7.067,7.229,7.616,9.435,7.272,7.0575,7.421,7.733,7.8175,7.8255,8.072,5.7345,4.0673,3.6016,3.7424,3.4304,3.408,2.3712,2.5136,2.624,2.4816,2.4416,2.6672,2.2448,2.9536,4.376,2.848,2.6096
24/06/2021,2.848,2.5808,3.304,2.8608,4.4624,2.8768,2.512,2.808,2.8768,3.0368,4.5936,3.5552,2.8672,4.9472,9.574,8.5985,8.4015,7.536,8.056,7.16,7.168,7.688,6.856,7.658,9.0045,8.9715,8.5405,8.024,8.464,8.0975,8.2675,6.4925,3.9508,4.4432,3.384,2.48,2.488,2.5008,2.4544,2.6944,2.384,2.5152,2.288,2.6208,2.472,2.6512,2.936,2.5792
25/06/2021,2.816,2.6544,2.816,4.5744,2.6656,2.864,2.7152,2.8672,2.944,4.9472,3.5856,3.048,2.768,5.0765,7.112,9.197,10.987,11.261,11.296,9.2945,11.1455,12.635,12.4625,11.277,11.392,11.4015,13.4845,11.954,11.2175,12.064,12.7745,7.734,4.7284,4.7488,5.051,2.5042,2.824,2.4208,2.7104,2.5616,2.5792,2.6624,2.7136,2.5552,2.7264,2.624,2.8384,2.8464
26/06/2021,2.8464,2.336,3.0208,3.5888,2.5344,2.5552,2.696,2.8544,3.9344,4.9984,3.1648,3.0992,3.0496,2.9264,3.0528,2.9856,2.9824,2.9568,2.7488,2.952,2.688,2.792,2.7776,2.4976,2.6944,2.5184,2.4256,3.3728,3.3488,2.4736,2.5648,2.7712,2.4656,2.6048,2.7184,2.3616,2.1712,2.3664,2.2144,2.3024,2.5616,2.3584,2.5552,2.4352,2.616,2.5648,2.7456,2.6304
27/06/2021,2.7984,2.6912,2.7152,2.7168,2.8304,2.7424,2.84,2.7664,2.8016,3.2592,2.9632,2.9488,2.9808,2.9952,2.9728,3.0544,2.8096,3.4688,3.0272,2.5792,2.6272,2.6912,2.4432,2.6784,2.656,2.5344,2.5648,2.584,2.5472,2.6432,2.8032,2.6048,2.6816,2.7424,2.352,2.6464,2.424,2.2736,2.472,2.5712,2.264,2.4208,2.4656,2.5312,2.584,2.6048,2.664,2.576
28/06/2021,2.7632,2.6656,2.952,2.552,2.8736,2.56,2.8272,2.6992,3.0752,2.912,3.1936,4.384,8.2845,6.7955,8.504,8.8445,8.9265,8.485,7.15,7.181,7.6465,7.008,6.9485,7.4515,7.8,7.2605,7.034,5.9805,6.312,8.0415,7.522,5.3295,3.3585,2.7744,2.032,2.0944,1.9168,1.8,1.7776,1.7872,1.7696,1.8528,1.8176,1.7328,1.8288,1.8576,2.0192,1.8992
29/06/2021,1.9904,1.8576,2.0416,1.9088,1.9744,1.9712,1.968,1.9568,2.2416,2.2208,2.2816,2.2016,2.3472,3.6192,9.7085,7.568,7.453,8.0865,9.192,8.0765,8.5395,8.814,8.0305,8.7155,8.68,8.926,8.5425,7.3665,8.019,8.7585,8.853,6.208,3.7905,3.6,2.3632,3.312,1.9232,1.7584,1.6928,1.9536,1.7424,1.6816,1.776,1.6704,1.8352,1.6912,1.8064,1.824
30/06/2021,1.944,1.9184,1.8384,1.8048,1.832,1.8,1.9264,3.5424,3.4464,2.2576,2.1808,2.1808,2.1344,4.1632,9.4,6.928,6.432,6.966,7.5825,6.4835,6.291,7.013,8.264,8.334,7.152,7.672,7.856,8.586,8.1535,7.456,7.856,6.987,4.0307,4.3008,3.1408,2.568,2.304,1.8336,1.7088,1.7104,1.7136,1.6896,1.8704,1.7184,1.7488,1.6304,1.8416,1.9168
01/07/2021,1.8944,1.8144,1.8656,1.8848,1.9824,1.784,1.8832,1.7712,2.1376,2.2336,2.1856,2.1408,2.1584,4.464,9.896,6.683,6.592,7.5215,6.909,7.707,8.1955,7.078,7.394,10.024,10.3055,10.28,8.547,9.7955,9.526,10.576,10.602,7.4445,4.8115,3.96,3.2768,2.6288,2.4848,2.304,2.5184,2.3984,2.2912,2.4256,2.4064,2.264,2.544,2.3408,2.7472,2.512
02/07/2021,2.496,2.5104,2.5488,2.6208,2.4128,2.5632,2.4448,2.7008,2.7744,3.4672,3.008,2.992,2.7808,4.544,7.6015,6.9215,7.459,6.978,6.896,7.2205,7.781,8.0925,8.05,7.859,7.1855,7.2735,7.9425,8.757,7.7005,7.672,7.904,6.954,4.304,3.8656,2.7968,2.2384,2.1264,2.1872,2.192,2.544,2.2528,2.4048,2.3584,2.3216,2.256,2.456,2.3552,2.8208
03/07/2021,2.824,2.6816,2.6016,2.5984,2.6448,2.6656,2.4384,2.6176,2.784,3.104,3.08,2.8992,3.0016,2.7808,2.8384,2.8368,2.7504,2.5776,2.8768,2.784,2.8608,2.5936,2.7184,2.4704,3.3168,2.7488,2.736,2.4976,2.624,2.6624,2.52,2.6432,2.5632,2.6064,2.4192,2.2464,2.3552,2.2128,2.3056,2.2768,2.2192,2.2192,2.5488,2.2528,2.3024,2.2736,2.496,2.5408
04/07/2021,2.752,2.5024,2.5408,2.6272,2.608,2.6288,2.704,2.6768,2.6192,2.3072,2.1328,2.3072,2.128,2.1744,2.1056,2.1584,2.0576,2.1088,2.0048,2.12,1.9952,2.04,2.0816,2.064,1.9872,2.0704,1.9952,2.0864,2.3072,2.3184,2.1904,2.208,2.128,2.2304,1.9584,1.8992,1.7456,1.7376,1.808,1.616,1.7104,1.7088,1.6816,1.6944,1.7632,1.6384,1.8304,1.88
07/07/2021,2.5376,2.2896,2.3856,2.2544,2.2672,2.2464,2.2784,3.7552,4.8544,3.5952,2.6128,2.6208,2.4848,4.3456,9.15,7.09,7.19,8.042,7.659,6.3615,7.72,9.1825,7.5185,7.3455,7.453,8.8015,7.5375,7.2415,7.296,8.0495,9.136,6.552,3.93,3.488,3.7088,3.1312,2.4336,1.96,2.0128,2.0352,2.0448,2.152,2.072,1.992,2.0272,2.0784,2.264,2.1376
08/07/2021,2.5312,2.1616,2.0736,2.2576,2.1664,2.1824,2.0592,2.1824,2.4208,2.5328,2.5808,2.6,2.4432,4.0288,9.347,7.605,7.2685,6.952,6.8,6.213,6.1775,7.144,8.011,7.8945,7.456,7.9455,8.589,7.1455,7.0785,7.643,8.482,6.56,4.3776,3.3312,2.5584,1.92,1.9392,1.832,1.9184,2.5824,1.9872,2.152,2.0496,2.0544,2.0752,2.0272,2.7392,2.184
09/07/2021,2.3728,2.3616,2.32,2.3584,2.1104,2.1808,2.104,2.2288,2.4016,2.4432,2.3616,2.4592,2.528,4.1312,7.2815,6.9135,7.44,8.5345,10.2785,7.1805,6.2515,7.126,7.762,6.406,6.6705,7.0865,7.2465,6.6015,6.253,6.595,7.64,6.4225,3.4577,2.3824,1.9648,2.0192,1.8688,1.736,1.744,1.8528,1.8144,1.8448,1.8432,1.9456,2.2368,2.1936,2.2448,2.0768
10/07/2021,2.1696,2.2672,2.1824,2.3472,2.0784,2.328,2.1072,2.2448,2.5312,2.672,2.6528,2.5584,2.5184,2.5488,2.2112,2.5008,2.352,2.336,2.1024,2.456,2.6592,2.1472,2.1104,2.0816,1.9712,2.1632,2.0512,1.9616,2.1216,2.3408,2.3744,2.4816,2.3184,2.3984,2.0112,2.1216,1.9712,1.8944,1.816,1.9808,1.9984,2.1808,2.0112,2.0464,1.8448,2.0896,2.2256,2.3008
11/07/2021,2.2864,2.1776,2.232,2.0752,2.2592,2.3216,2.3088,2.3072,2.4096,2.6528,2.6096,2.592,2.4688,2.5632,2.4368,2.5776,2.2688,2.1648,2.048,2.096,2.0576,2.1776,2.024,2.0224,1.992,2.0304,2.1584,2.1504,2.1184,2.208,2.1056,2.248,2.1792,2.3152,2.0032,1.9584,1.8848,1.7904,1.8416,1.9104,2.0592,2.0368,2.12,2.04,2.1168,2.2672,2.176,2.3168
12/07/2021,2.2832,2.2912,2.2784,2.2784,2.2208,2.368,2.0768,2.5584,3.192,2.6176,2.4464,4.1616,7.83,6.8995,7.968,6.9905,7.0845,6.4035,6.9055,7.291,7.08,6.581,7.0735,6.397,6.4495,8.28,8.459,7.941,8.7085,7.7825,7.368,6.328,4.8259,3.2912,2.2064,2.1408,2.0192,2.1808,1.9296,1.9504,1.9648,3.1904,1.9872,1.9744,2.0208,2.1664,2.0816,2.2752
13/07/2021,2.1968,2.352,2.0656,2.0688,1.9632,2.3536,2.2368,2.08,2.4496,2.7632,2.4848,2.504,2.456,3.9616,8.55,7.72,7.4595,7.179,7.7985,8.325,7.9565,7.672,7.752,8.3715,7.8925,7.9375,7.637,8.573,9.238,9.0385,8.2705,6.5345,3.6065,3.9264,3.1648,2.9424,1.8704,1.8336,1.8224,2.2592,2.0064,2.1344,1.8976,2.0304,1.968,2.1632,2.2448,2.3088
14/07/2021,2.2592,2.1328,2.3504,2.1184,2.2192,2.4992,2.096,2.2304,2.3648,2.76,4.2112,4.456,3.7936,5.035,9.643,7.9745,8.7185,9.7215,9.1265,9.011,7.504,8.2995,9.296,8.5965,9.085,9.3985,8.5825,7.3885,7.568,9.0595,8.312,6.102,4.37,3.832,3.576,3.168,1.7792,1.928,1.9744,1.9872,1.8368,1.9488,1.7744,2.0608,2.0368,2.064,2.0528,2.448
15/07/2021,2.2704,2.2368,2.1552,1.9776,1.9808,2.2048,2.0832,2.0512,2.3792,2.4688,2.6496,2.5424,2.4,4.6416,8.19,7.784,6.9825,7.488,8.6495,9.9745,7.4655,7.701,9.1855,7.6305,8.5215,9.0465,9.0335,8.1345,8.717,8.006,8.336,7.805,4.0786,3.1808,2.9328,1.9904,2.68,1.8208,2.4016,1.864,2.1808,2.0224,1.9168,2.384,2.008,2.0048,2.1008,2.1152
16/07/2021,2.7328,1.9936,2.2736,2.2048,2.1344,2.1216,2.3568,2.184,2.336,2.4368,2.5824,2.4976,2.472,4.1072,7.776,6.814,8.7955,7.3905,6.6925,8.5795,8.654,8.549,9.283,9.0435,7.2685,7.8785,7.256,7.7615,8.48,9.1585,9.0705,6.763,4.4084,4.4496,3.2784,2.352,2.2592,2.1072,1.9504,2.1184,1.8096,1.992,2.1216,1.8016,1.7632,2.1824,1.9888,2.12
17/07/2021,1.9952,2.0192,2.2128,2.2496,2.624,2.0976,2.224,2.0336,2.296,2.4656,2.4672,2.3936,2.2576,2.5808,2.2432,2.7632,3.3856,2.2928,2.008,2.072,2.0384,2.0352,2.216,1.8848,2.3472,1.952,2.2944,2.1376,2.1936,2.6,2.1376,2.512,2.2848,2.5088,2.3392,3.0432,2.4032,1.888,2.2784,1.9168,2.1952,1.728,1.9712,1.8112,2.1568,1.656,2.2112,1.888
18/07/2021,2.3312,2.0592,1.9072,2.28,2.1824,1.9824,2.2512,2.0976,2.368,2.5248,2.752,2.3216,2.2416,2.6224,2.1248,2.1648,2.3824,2.0688,2.2752,2.1056,1.8496,2.3744,2.0992,2.0144,2.3984,1.8832,2.4672,2.2112,2.2928,2.5216,2.144,2.7296,2.2064,2.7984,2.3248,1.9936,2.2432,2.1696,1.9856,2.5168,1.7568,2.1936,1.7088,2.0704,1.9296,1.8992,2.256,1.9184
19/07/2021,2.2752,2.1504,2.2224,2.0752,2.176,2.1728,2.024,2.328,2.2832,2.8752,2.3952,4.7536,9.838,9.034,9.107,10.4975,10.424,10.2225,10.917,10.872,11.1165,10.6975,10.842,12.216,11.16,11.5005,12.541,11.1215,9.219,6.9555,7.9985,7.376,4.7632,4.5952,2.9408,2.8144,2.4528,2.1008,1.8448,1.8832,2.0512,1.9456,1.7808,2.0608,1.7024,2.0912,1.832,2.2032
20/07/2021,1.848,2.2384,2.0112,2.1872,2,2.1744,1.9408,2.192,2.1984,2.5248,2.2848,2.5568,2.5792,5.139,7.291,7.4865,7.213,8.6465,8.7775,8.307,8.5265,9.077,9.08,9.939,8.741,9.264,9.112,9.048,9.206,8.842,9.248,6.5215,4.1889,4.4448,4.0128,3.4592,2.3504,1.9648,1.8736,2.1408,1.6016,1.992,1.672,2.016,1.6128,1.7344,1.944,2.2016
21/07/2021,1.9232,1.8784,2.0592,1.9632,2.4112,2.36,2.2064,1.9056,2.1264,2.496,2.4304,2.4304,2.1664,4.9536,7.8495,7.363,6.9155,8.691,8.763,8.8755,9.571,9.213,8.6205,8.9185,9.5185,9.336,8.667,9.7075,10.1565,9.837,8.995,7.4675,3.8577,4.0864,2.2032,2.1584,2.248,1.9152,1.9696,1.8912,2.032,1.8768,2.1232,1.8208,1.7648,2.5136,2,1.9552
22/07/2021,2.2096,1.8416,2.2272,1.8976,2.0144,2.1248,2.1216,2.352,2.2208,2.5648,2.3264,2.3008,2.4704,4.8976,9.1485,7.597,8.1325,7.885,8.477,8.256,9.083,8.461,11.032,11.024,11.1135,11.347,9.976,10.576,11.2305,10.861,11.099,8.733,4.6,4.2048,4.1312,3.312,2.8464,1.6976,2.2368,1.824,1.7264,2.1904,1.7296,2.1024,1.7792,2.1776,1.7856,2.1856
23/07/2021,1.9168,2.208,2.4064,2.0624,2.0128,2,2.1376,2.6112,4.1824,4.1936,4.1936,3.2208,3.1968,5.288,7.566,6.9315,8.2065,9.195,9.747,9.7475,9.8655,8.9375,8.293,7.6865,8.427,9.0895,8.8385,7.9825,9.2735,8.045,8.184,6.331,4.5218,2.6848,2.2048,2.2672,1.6928,1.8192,1.6768,1.7456,1.7328,1.9184,1.8096,1.9824,1.776,1.8384,1.9392,2.1088
24/07/2021,2.0176,1.9696,2.0016,2.008,2.696,2.016,2.1984,2.1744,2.4016,2.4064,2.52,2.528,2.3936,2.4016,2.3792,2.2704,2.1856,2.1072,2.04,2.048,2.0656,2.1024,1.9456,1.9984,2.0656,1.9488,1.8544,1.8928,2.0672,2.0512,2.0448,2.0416,2.2048,2.0576,1.8176,1.7584,1.632,1.7264,1.7312,1.736,1.7952,1.8672,1.904,1.8736,1.968,1.9904,1.9888,2.0096
25/07/2021,2.0816,2.0512,1.9696,2.048,2.1168,2.04,2.12,2.1392,2.216,2.3344,2.4064,2.432,2.3296,2.3312,2.3904,2.3392,2.1632,2.1248,2.0816,2.1248,1.9744,2.3392,3.1664,2.6512,2.0208,1.9216,1.8624,1.9904,2.0528,2.088,2.0944,2.0784,2.0176,2.1248,1.9392,1.8144,1.7712,1.7456,1.632,1.7376,1.7424,1.9632,1.848,1.8944,1.944,1.9152,1.9408,2.056
26/07/2021,1.8336,2.0208,1.9728,2.1056,1.9216,2.1504,2.0656,3.1776,4.2048,3.8544,3.84,5.3005,8.1935,5.645,6.8735,6.008,6.7215,8.802,7.1135,6.7455,8.1745,8.3265,9.448,9.408,8.4895,8.9245,9.4545,8.821,8.6415,8.627,7.664,6.7235,6.539,4.3955,3.1712,2.4864,1.8912,1.696,1.7584,1.7056,1.832,1.7456,2.4496,1.896,1.9792,1.9456,2.1152,2.0272
27/07/2021,2.0768,2.064,2.0688,2.0752,2.0864,2.0848,2.2096,2.1072,2.2896,2.4544,2.4336,2.4384,2.5184,4.36,7.71,6.1265,6.869,8.0445,7.8915,8.304,9.259,9.3105,9.101,8.907,7.405,6.6125,6.1505,6.483,6.661,7.7375,7.893,5.8175,4.5794,4.6304,4.064,2.4768,1.8432,1.9824,2.2304,1.8928,1.9712,2.3248,2.392,2.1136,2.0096,2.0992,2.1504,2.3376
28/07/2021,2.1104,2.088,1.9984,2.1344,2.1776,2.0768,2.12,2.1152,2.3392,2.7616,2.4096,2.4928,2.4704,4.568,7.835,6.467,6.5025,6.2625,6.6015,5.8495,6.837,8.056,5.9985,5.6785,5.846,7.2675,6.011,5.5105,4.8146,5.803,5.731,5.496,4.0244,2.7616,2.3152,2.5232,2.1888,2.0848,2.1856,2.352,2.056,2.272,2.216,2.112,2.0672,2.112,2.1488,2.1456
29/07/2021,2.2624,2.232,2.2608,2.152,2.2864,2.5088,2.2368,2.2128,2.4912,2.5072,2.584,2.568,2.5824,3.4448,6.0845,5.4225,5.4815,5.701,5.4865,5.134,5.568,5.7985,5.6815,5.898,6.0495,6.3345,6.1135,6.1345,5.219,5.4065,5.6415,5.589,4.3344,4.1056,3.0816,2.256,2.5248,2.0176,1.9664,2.0688,2.2128,2.1376,2.2352,1.992,2.064,2.1472,2.1104,2.1696
30/07/2021,2.1984,2.1792,2.2112,2.2352,2.3232,2.1824,2.144,2.1264,2.5088,2.4368,3.0096,2.7056,2.5664,3.3664,5.2445,4.8339,4.7792,5.3565,4.8739,4.92,4.7712,4.5248,5.264,5.067,4.941,4.8192,4.328,4.3152,4.9248,5.1405,5.2515,4.4208,3.7536,2.7824,2.6192,2.176,1.968,1.9184,1.984,1.992,2.0128,1.9632,2.008,1.8608,2.1456,1.9664,2.0576,1.9584
31/07/2021,2.2464,1.992,2.1808,2.336,2.1104,2.1456,2.0192,2.2896,2.3312,2.7808,2.848,2.608,2.7872,2.5824,2.4928,2.5152,2.5504,2.3536,2.2352,2.1904,2.2304,2.2048,2.2624,2.4736,2.1712,2.1648,2.1968,2.2208,2.2992,2.4192,2.344,2.5024,2.3424,2.752,2.1504,2.0736,2.0752,1.8208,1.8608,1.92,2.0176,1.8608,2.1056,2.2496,2.1232,2.152,2.0896,2.08
01/08/2021,2.08,2.1536,2.264,2.1616,2.2336,2.192,2.088,2.1856,2.3632,2.5104,2.4992,2.48,2.456,2.4912,2.568,2.4656,2.3616,2.2384,2.2352,2.1856,2.1504,2.1536,2.0848,2.248,2.072,2.0656,2.0304,2.0896,2.2224,2.5776,2.2096,2.16,2.3056,2.2688,2.2576,1.984,1.8848,2.1728,1.8832,1.9248,1.9904,1.9088,2.1392,2.088,2.0304,1.9712,1.9648,1.9808
02/08/2021,2.0624,2.0496,2.1728,2.1472,2.0784,2.2096,2.1536,2,2.2352,2.4864,2.704,3.1632,4.7296,4.656,4.5904,5.544,5.664,5.8335,5.5885,6.445,7.733,6.9215,6.4065,5.6655,5.232,6.0625,5.6845,5.928,5.4435,5.3725,5.7135,5.0785,3.2819,3.4048,2.9584,2.1728,2.5008,2.0992,1.8592,2.2272,2.112,1.832,2.032,2.0928,1.7616,2.04,1.9344,2.3248
03/08/2021,2.0528,2.0112,2.0608,2.2384,2.1008,2.2768,2.0704,2.5248,2.7584,2.4304,2.5296,2.3776,2.4944,3.4544,5.1805,5.224,5.1055,4.8084,5.336,5.662,5.09,5.712,6.899,6.008,5.1905,6.0255,5.597,5.075,6.44,5.595,5.4195,5.699,3.8963,3.6384,3.0384,2.4096,1.9504,1.9792,1.8784,2.152,2.0256,1.88,2.0224,2.2048,2.0368,2.0432,2.2336,2.264
04/08/2021,2.0768,2.136,2.0032,2.0768,2.1104,2.2192,2.2256,3.8912,4.5792,3.0848,2.5584,2.3664,2.3136,3.3088,6.3405,6.872,6.2335,6.258,5.6,6.6,6.376,7.814,6.253,6.453,7.403,7.4175,6.749,7.147,6.941,6.075,7.6355,7.136,3.896,3.736,3.1632,2.904,1.7232,1.7472,2.192,1.816,2.0272,1.9184,2.0128,2.3152,1.8384,2.008,2.192,1.9872
05/08/2021,2.4208,2.1696,2.096,2.1504,2.0368,2.0688,2.1424,2.1296,2.2752,2.5856,2.4944,2.4768,2.4176,3.5024,6.094,5.293,5.773,5.979,5.3455,5.4785,4.9234,5.4285,5.797,5.5565,5.229,5.344,5.685,6.0895,5.3245,5.5875,5.56,5.0065,3.7136,4.2864,3.0608,2.768,2.8976,2.2112,2.3856,2.2944,2.128,1.9584,2.0528,2.1328,2.224,2.1104,2.2272,2.2672
06/08/2021,2.2128,2.1328,2.0624,2.24,2.3344,2.4384,2.408,2.1344,2.7488,2.7344,2.592,2.5504,2.6224,3.288,5.0765,5.357,5.6015,5.923,5.362,4.5584,4.472,6.094,5.9235,5.7055,6.3105,6.288,6.128,5.7245,4.466,5.342,6.1715,5.384,3.7729,4.032,2.5488,2.0224,2.3008,1.952,1.8832,1.9744,2.0704,2.1488,2.1296,2.08,2.0816,2.0208,2.0912,2.2
07/08/2021,2.088,2.0896,2.4576,2.424,2.1216,2.0416,2.2752,2.28,2.3744,2.4256,2.4928,2.5248,2.2992,2.5152,2.5264,2.5664,2.224,2.3712,2.2624,2.3008,2.2736,2.4448,2.3488,2.3088,2.4352,2.312,2.1664,2.3488,2.5168,2.7248,2.3904,2.3264,2.312,2.7648,3.1456,2.1184,2.1184,2.048,1.928,2.0592,2.088,2.0736,1.9712,1.9488,2.096,2.0528,2.024,2.1168
08/08/2021,2.0848,2.1984,2.2416,2.0032,2.2128,2.1968,2.2784,2.048,2.3424,2.536,2.5024,2.5696,2.472,2.5472,2.4128,2.5456,2.32,2.4672,2.3296,2.2784,2.3696,2.2688,2.3184,2.2272,2.2832,2.3632,2.2256,2.3232,2.3984,2.4704,2.288,2.56,2.384,2.4688,2.1696,2.16,1.9472,2.0832,2.288,1.984,2.0096,2.104,1.9808,2.048,2.2592,2.1472,2.2224,2.1984
09/08/2021,2.1152,2.1248,2.128,2.288,2.1088,2.1552,2.2128,2.2304,2.4048,2.5232,2.5168,3.6752,4.5664,4.4464,4.5312,5.115,5.8865,5.899,5.2015,6.973,6.947,6.6755,6.744,6.0605,6.5075,6.4685,6.568,6.525,6.115,5.741,7.611,6.8545,4.3139,3.6496,2.4736,2.3648,2.1712,2.6656,2.8064,2.6256,2.3152,2.5824,2.2224,2.4432,2.3152,2.2416,2.3344,2.408
10/08/2021,2.4272,2.4768,2.592,2.4064,2.3792,2.5472,2.7984,2.5248,2.6736,2.8976,2.8032,3.0384,2.7312,4.248,6.046,6.2195,6.291,5.8945,5.541,5.896,6.531,6.752,8.528,7.317,5.678,5.573,6.1505,6.2765,6.9395,6.9105,7.008,5.2335,4.2945,3.9616,3.3888,3.5008,2.2496,2.0752,2.1776,2.3584,2.1024,2.2768,2.2448,2.2336,2.3088,2.3536,2.4096,2.3056
11/08/2021,2.1552,2.184,2.2448,2.2992,2.24,2.472,2.1776,2.2192,2.4464,2.6256,2.936,2.7312,2.6112,5.5615,6.971,6.293,4.9969,5.0605,4.6099,4.9072,4.3904,4.3552,4.9392,5.422,5.01,5.355,5.291,5.906,5.419,5.2575,6.2175,4.81,3.2672,3.7392,2.3536,2.5968,2.0352,2.0368,2.0176,2.0704,2.0672,2.112,2.16,2.2016,2.2048,2.576,2.2208,2.4016
12/08/2021,2.2416,2.1664,2.2736,2.2064,2.336,2.2432,2.3728,2.2224,2.5136,2.7792,2.5216,2.7328,2.4784,3.5344,6.5805,6.104,6.24,6.1265,5.4385,5.656,5.4785,5.811,5.619,5.578,6.043,6.1265,6.4865,5.648,5.955,6.013,5.6365,5.653,3.8993,3.6288,2.7968,2.6496,2.096,2.0256,2.0464,2.3952,2.104,2.1152,2.1216,2.368,2.1072,2.448,2.2896,2.5456
13/08/2021,2.3888,2.36,2.3168,2.2816,2.2864,2.3024,2.2544,2.4,2.4688,2.4864,2.6256,2.5232,2.912,3.5632,5.27,5.5265,6.4735,5.6,5.3585,5.213,5.4385,5.134,4.362,5.1455,4.9169,4.5952,4.7152,4.584,5.875,4.5554,5.0415,4.9393,3.8944,3.2,2.8432,2.9168,2.5872,2.632,2.2784,2.1696,2.0768,2.1424,2.0592,2.3024,2.2912,2.2896,2.328,2.2912
14/08/2021,2.4896,2.3584,2.2416,2.2448,2.3584,2.296,2.4128,2.432,2.6992,2.696,2.7664,2.7312,2.6176,2.7328,2.6192,2.6608,2.8176,2.3792,2.2016,2.3776,2.36,2.6672,2.4432,2.4576,2.2736,2.4832,3.5232,2.208,2.6176,2.5584,2.576,2.664,3.0832,2.6112,2.3408,2.4496,2.2192,2.312,2.2352,2.1888,2.2832,2.2736,2.256,2.2048,2.2256,2.2096,2.3616,2.592
15/08/2021,2.4064,2.3104,2.4016,2.3552,2.3472,2.392,2.3616,2.3936,2.7168,2.7296,2.7136,2.736,2.7872,2.6416,2.6944,2.5968,2.4016,2.3024,2.4544,2.2384,2.3312,2.3984,2.3008,2.84,2.2512,2.5088,2.4192,2.6128,2.648,2.5184,2.6144,2.424,2.8816,2.4832,2.2432,2.2864,2.2112,2.2608,2.432,2.1968,2.1728,2.0928,2.0992,2.1264,2.176,2.2608,2.2896,2.2128
16/08/2021,2.2544,2.3056,2.1664,2.3632,2.2784,2.3168,2.4992,2.1632,2.6128,2.6624,2.688,3.2544,3.9056,3.7536,5.606,6.733,6.709,5.611,6.728,7.613,5.574,5.429,5.051,5.093,5.0865,5.096,5.0925,4.7012,4.8,5.0015,6.0175,4.6626,4.2128,3.008,2.5568,2.5936,2.448,2.1712,2.2304,2.2384,2.1168,2.064,2.2336,2.072,2.296,2.248,2.1792,2.0912
17/08/2021,2.4128,2.6176,2.2912,2.3248,2.3184,2.3168,2.416,2.1232,2.5584,2.6544,2.672,2.5664,2.6816,2.9728,5.7455,7.0095,5.3615,5.3315,4.8608,5.022,4.5668,4.5456,6.08,5.2575,5.179,5.32,5.1315,4.4624,4.7952,4.552,5.211,4.3042,4.4992,3.4768,3.2384,3.2,3.4672,2.1024,2.1872,2.104,2.32,2.3216,2.3552,2.1728,2.256,2.0208,2.1808,2.2112
18/08/2021,2.3712,2.368,2.2704,2.1968,2.352,2.2832,2.3456,2.592,2.4848,2.648,2.6736,2.544,3.2512,5.1135,7.1375,6.4,5.392,5.109,6.107,5.0735,4.9651,5.339,5.653,5.552,5.952,5.2815,5.7185,5.856,5.678,4.9988,7.1805,5.3295,4.4516,3.888,3.6656,2.6112,2.2688,2.0592,2.0752,2.2032,2.0912,2.168,2.64,2.064,2.1216,2.0528,2.2752,2.1984
19/08/2021,2.3616,2.4144,2.2064,2.3248,2.32,2.2704,2.4304,2.2288,2.7344,2.672,2.7152,2.7456,2.8256,3.4944,7.04,5.6925,5.48,5.528,5.629,5.2145,5.534,5.093,5.155,5.768,5.1185,5.496,5.0355,4.6352,4.64,5.046,6.1265,5.3555,4.008,3.3232,3.6384,2.0848,2.1472,1.968,2.0592,2.1328,2.0224,1.9872,2.1552,2.064,2.0976,2.184,2.4464,2.3648
20/08/2021,2.3248,2.392,2.4272,2.4288,2.4016,2.3648,2.3968,2.3456,2.4448,2.784,2.888,2.656,2.6832,3.2064,4.0064,5.152,6.755,4.3794,4.56,5.5455,5.416,6.027,5.725,5.171,5.701,5.395,4.2963,5.411,4.7378,5.315,5.4655,4.7379,3.312,2.9024,3.3712,2.5504,2.0656,2.416,2.0384,1.9152,2.2,1.976,2.0336,2.072,2.0992,2.1744,2.28,2.2992
21/08/2021,2.2368,2.3296,2.2288,2.2128,2.2608,2.3056,2.2976,2.6928,2.6576,2.6128,2.4144,2.7472,2.5024,2.6976,2.6272,2.5168,2.4304,2.392,2.544,2.2768,2.504,2.3888,2.3392,2.336,2.3184,2.3984,2.2976,2.4944,2.4016,2.5984,2.392,2.44,2.488,2.5632,2.3744,2.1968,2.0704,2.2,2.2816,2.0128,2.1632,2.3376,2.1856,2.1488,2.3408,2.216,2.3296,2.3328
22/08/2021,2.4192,2.3456,2.3184,2.2944,2.3984,2.3728,2.2864,2.4784,2.6224,2.76,2.6944,2.6592,2.7424,2.7936,2.6096,2.7088,2.5008,2.5264,2.5312,2.4368,2.5072,2.4304,2.3712,2.3248,2.2928,2.3488,2.4016,2.4352,2.4224,2.4784,2.4688,2.4064,2.5568,2.4384,2.432,2.2128,2.16,2.0528,2.0592,2.0752,2.0336,2.3104,2.0784,2.1328,2.1088,2.304,2.3488,2.3648
23/08/2021,2.4416,2.3264,2.36,2.3712,2.3056,2.3968,2.3328,2.4192,3.0608,3.4928,2.5568,3.5088,4.7632,4.5232,6.635,7.6895,6.709,5.1085,4.3492,4.6272,4.688,5.0925,4.2707,4.8272,5.88,6.048,7.014,7.445,7.8945,8.0065,8.107,5.7505,3.3889,3.336,2.6656,2.7088,2.8368,2.0032,2.0272,1.9824,2.0032,2.0896,2.0496,2.088,2.1776,2.3296,2.2768,2.5152
24/08/2021,2.3232,2.3616,2.3744,2.16,2.7072,2.464,2.2672,2.328,2.656,2.7344,2.7136,2.6192,2.7232,3.904,6.792,6.9725,6.104,6.357,6.2125,7.53,6.91,5.152,6.026,5.315,5.6225,7.0945,5.832,5.6125,5.2545,5.5425,6.243,5.5425,3.5106,3.1616,3.0464,2.7456,2.568,2.152,1.9904,2.016,2.1856,2.1104,2.1632,2.2864,2.2016,2.1296,2.4224,2.2832
25/08/2021,2.5296,2.4032,2.2192,2.2048,2.1856,2.2096,2.2112,3.7296,4.2368,4.24,2.552,2.6096,2.5248,3.8416,6.275,6.763,6.9745,6.6575,5.173,6.043,5.0785,5.5315,5.0735,5.976,5.7615,5.573,6.323,5.765,5.6095,5.603,5.589,4.9377,3.4448,3.376,3.2688,3.368,2.9792,2.096,2.5056,2.0464,2.0672,2.056,1.9728,2.1088,2.24,2.1712,2.3424,2.3472
26/08/2021,2.2112,2.2432,2.4048,2.36,2.1472,2.2352,2.2272,2.2656,2.688,2.584,2.7552,2.5776,2.5312,3.6768,5.547,5.7055,5.656,5.3455,7.205,5.8465,6.0895,5.9295,5.6735,6.1985,6,5.8355,6.2815,5.7185,6.392,6.646,7.0065,5.469,3.4449,2.2928,2.0448,2.0672,2.0832,2.0336,2.1216,2.2272,2.2272,2.1376,2.1888,1.9456,2.4688,2.1648,2.1744,2.2784
27/08/2021,2.1632,2.2608,2.3312,2.1184,2.264,2.12,2.2192,2.3728,2.3248,2.6624,2.5552,2.5968,2.592,4.2816,6.0735,6.2095,6.544,5.808,6.533,6.883,5.7215,5.016,6.0275,6.6205,5.8515,5.878,5.4465,5.781,6.763,6.144,6.384,5.5475,2.4112,3.0992,2.1456,2.2128,2.0256,2.0592,2.3968,2.176,2.1552,2.2112,2.1056,2.1184,2.2176,2.0768,2.0736,2.2304
28/08/2021,2.192,2.1728,2.3072,2.1408,2.2288,2.3248,2.3536,2.216,2.512,2.7984,2.5664,2.624,2.6672,2.6544,2.5824,4.7504,2.6224,2.656,2.3984,2.2416,2.328,2.2416,2.3456,2.2736,2.2112,2.1968,2.1872,2.1136,2.4208,2.2992,2.3216,2.32,2.32,2.3232,2.1376,2.1712,2.0208,1.9776,2.088,2.296,2.208,2.1888,2.2896,2.2352,2.0976,2.0912,2.2192,2.2496
29/08/2021,2.2688,2.28,2.1488,2.2128,2.2048,2.28,2.16,2.3584,2.5408,2.4288,2.5904,2.648,2.4928,2.5072,2.6192,2.496,2.536,2.3216,2.4368,2.336,2.3888,2.224,2.2624,2.3248,2.1792,2.2208,2.2064,2.4384,2.3264,2.3552,2.3296,2.3696,2.5168,2.3408,2.2656,2.2608,2.0544,2.192,2.1248,2.1952,2.2144,2.5888,2.8928,2.1712,2.2384,2.184,2.4064,2.3648
30/08/2021,2.2752,2.2176,2.1904,2.3312,2.3056,2.2528,2.1888,2.176,2.4448,2.6464,2.5296,4.7344,6.539,5.9185,5.5985,5.558,5.032,4.8948,4.7792,4.3776,4.288,5.0175,6.0125,4.4628,4.2352,4.832,4.5536,5.2445,5.253,5.168,4.3937,3.4784,2.5664,2.4096,2.2672,2.1088,2.1936,2.0976,2.0544,2.1776,2.0768,2.1104,2.1584,2.0896,2.128,2.1328,2.1168,2.256
31/08/2021,2.2208,2.1584,2.2384,2.216,2.3552,2.1888,2.2352,2.3184,2.4032,2.5456,2.6384,2.544,2.592,4.1712,6.219,6.3025,5.016,5.219,5.3955,5.5325,5.6115,6.31,6.9425,5.9505,4.989,6.144,5.819,5.435,5.3505,5.317,5.7375,4.085,3.0304,3.2016,2.3792,2.3808,1.9904,2.0832,2.1472,2.2368,2.144,1.9904,2.76,2.0656,2.2432,2.0128,2.1216,2.1984
01/09/2021,2.208,2.2656,2.128,2.2864,2.3024,3.8496,2.9776,3.7088,4.2432,2.9632,2.6512,2.4832,3.0144,3.632,6.032,4.8448,6.406,4.538,4.616,4.408,4.5568,4.6272,4.7952,4.9312,7.091,7.8175,8.2,7.1345,7.645,7.0445,5.501,4.4193,3.576,3.424,3.2112,2.2256,2.072,2.1856,2.1024,2.5248,1.9088,2.0832,2.2416,2.0848,2.0096,2.072,2.1248,2.2832
02/09/2021,2.1536,2.1824,2.3424,2.2992,2.2464,2.1264,2.2368,2.2992,2.4528,2.6336,2.5904,2.6352,2.5472,4.1264,6.336,6.0975,5.1965,5.368,4.7012,4.8752,6.707,6.4705,5.299,5.3105,4.5954,4.3136,4.9584,5.307,5.6575,5.669,5.7265,4.9136,4.4752,3.4512,2.384,2.232,2.1264,2.1856,2.1072,2.1664,2.216,2.2928,2.312,2.32,2.504,2.3552,2.424,2.3776
03/09/2021,2.5328,2.3456,2.4768,2.4976,2.328,2.344,2.488,2.3264,2.5776,2.7408,2.6416,2.832,2.7328,3.7888,5.267,4.8834,7.062,7.2035,5.3485,4.8324,4.9344,4.5744,4.7936,4.864,4.832,4.5792,4.7232,4.5632,6.6175,5.016,6.0205,4.2484,3.6672,2.8848,2.3744,2.3728,2.1424,2.2704,2.288,2.3376,2.168,2.3344,2.3904,2.3648,2.2832,2.3504,2.344,2.4032
04/09/2021,2.4016,2.2864,2.3936,2.3184,2.2736,2.6224,2.2784,2.3648,2.5232,2.6688,2.688,2.6736,2.5728,2.7472,2.728,2.8496,2.6,2.6496,2.4672,2.4576,2.3728,2.5312,2.9792,2.7824,2.3072,2.4496,2.3952,2.4016,2.4208,2.5584,2.5616,2.592,2.6176,2.5008,2.408,2.2912,1.9984,2.1696,2.2912,2.216,2.2448,2.2784,2.2784,2.3472,2.3616,2.3616,2.32,2.3328
05/09/2021,2.2208,2.3328,2.3472,2.3088,2.2528,2.464,2.3792,2.4048,2.3632,2.8128,2.6272,2.6896,2.76,2.5328,2.8064,2.5904,2.5472,2.5728,2.352,2.36,2.304,2.2864,2.2592,2.4352,2.3536,2.3248,2.2976,2.3584,2.24,2.4112,2.3472,2.3136,2.2992,2.2608,2.2656,2.0272,1.9376,2.0688,2.064,2.1504,2.1248,2.0736,1.9648,2.2864,2.1552,2.1632,2.2368,2.2864
06/09/2021,2.2352,2.2128,2.4384,2.4544,2.2976,2.3792,2.5168,2.376,2.5648,2.8624,2.6976,4.5136,6.3375,5.0685,5.4945,6.0095,5.416,6.0865,6.904,5.8335,6.0545,6.9795,7.8895,8.8685,7.552,7.584,7.21,7.531,7.187,6.7795,7.08,6,4.3377,3.3088,2.1024,2.0016,1.9264,2.04,2.1552,2.0912,2.2752,2.152,2.1872,2.1808,2.2656,2.216,2.1808,2.8848
08/09/2021,2.2624,2.2704,2.328,2.2896,2.92,2.3856,2.2224,3.9424,4.344,3.1296,2.6176,2.7744,2.504,4.5808,7.87,7.885,7.9985,7.6175,7.8735,7.6865,7.899,7.848,8.906,9.15,8.6035,10.1585,9.752,8.838,9.554,10.496,10.2335,6.531,4.2723,3.5232,2.8656,2.5376,2.2784,1.88,2.3408,1.8192,1.7584,2.248,1.8528,2.1472,1.8768,1.8432,2.416,2.0784
09/09/2021,2.664,2.416,2.5936,2.336,2.2256,2.368,2.3568,2.7056,2.6864,2.712,2.7392,2.8736,2.6304,4.632,8.115,8.667,9.5395,8.4065,7.827,7.608,8.36,8.9985,7.9825,8.1615,8.0525,8.9155,8.3185,8.1565,8.0115,8.3695,9.4335,6.893,4.4224,4.52,3.6144,2.9072,2.2224,2.304,2.2512,2.3648,2.1632,2.3184,2.1792,2.5104,2.272,2.1904,2.3664,2.3072
11/09/2021,2.1136,2.3088,2.1984,2.32,2.2832,2.3648,2.3664,2.4384,2.5792,2.5616,2.6272,2.5584,2.672,2.4544,2.6752,2.6016,2.52,2.4112,2.4592,2.4304,2.4128,2.488,2.3376,2.7664,2.4128,2.36,3.2528,2.8688,2.5408,2.5856,3.1072,2.5936,2.8816,2.6432,2.432,2.3216,2.1888,2.256,2.1184,2.2128,2.28,2.144,2.2512,2.3072,2.2816,2.24,2.4256,2.408
12/09/2021,2.4224,2.4384,2.3152,2.3472,2.4448,2.464,2.4128,2.3984,2.6304,2.9232,2.856,2.6928,2.6016,2.72,2.6688,2.5888,2.5984,2.6912,2.6528,2.496,2.576,2.5584,2.5968,2.5376,2.7024,2.6144,2.4736,2.4928,2.7216,2.6608,2.6464,2.7232,2.616,2.5984,2.3504,2.304,2.1776,2.1536,2.3344,2.1392,2.0976,2.1968,2.152,2.1872,2.0656,2.2256,2.296,2.3824
14/09/2021,2.3968,2.5856,2.4208,2.4048,2.2928,2.3216,2.3296,2.36,2.5056,2.7584,2.7536,2.6064,2.7456,3.8208,5.854,4.8724,5.056,7.366,6.893,5.656,7.4545,6.504,5.584,5.9185,5.43,5.7715,6.6815,6.013,5.8445,5.373,6.0845,4.8932,3.6928,4.2128,3.5904,2.3872,2.1648,2.4192,2.1632,2.3136,2.3248,2.5696,2.2784,1.9888,2.1856,2.0848,2.2592,2.4528
15/09/2021,2.1296,2.416,2.208,2.2752,2.3568,2.28,2.3344,3.608,4.688,4.5568,2.6768,2.5616,2.6352,4.16,6.5215,4.8641,5.1775,7.2945,5.838,5.6385,7.464,5.9055,6.256,7.325,7.448,7.589,7.939,7.451,6.9025,6.6815,6.397,5.917,3.3216,4.4592,4.0128,3.6608,2.5392,2.0768,2.08,2.0816,2.1488,2.176,2.1152,2.3072,2.16,2.0848,2.5584,2.2272
17/09/2021,2.6464,2.6512,2.4672,2.6384,2.6464,2.6064,2.7408,2.6784,2.5952,2.6256,2.7712,2.5808,2.8592,4.0336,4.1328,5.616,7.579,7.912,8.053,6.643,7.197,7.315,5.8895,5.9795,7.731,7.587,6.818,5.899,7.176,6.7745,6.792,4.7649,3.7072,3.3792,2.3712,2.7088,2.5168,2.656,2.44,2.6512,2.6416,2.648,2.5584,2.5936,2.5824,2.7344,2.6752,2.584
19/09/2021,2.5824,2.6208,2.5504,2.6032,2.6288,2.7536,2.712,2.744,2.6752,2.5696,2.624,2.704,2.6528,2.64,2.6656,2.616,2.624,2.7088,2.6912,2.512,2.6048,2.6752,2.5136,2.616,2.6432,2.6512,2.6224,2.6864,2.8224,2.6832,2.6016,2.6368,2.6592,2.6048,2.6416,2.7312,2.704,2.5792,2.48,2.7008,2.632,2.6304,2.5008,2.7376,2.6464,2.4544,2.6624,2.6464
20/09/2021,2.5808,2.6016,2.776,2.5056,2.6,2.6528,2.6,2.6624,2.704,2.8576,2.6576,3.92,4.8096,4.1888,6.3695,7.2305,8.259,7.893,6.6845,6.6815,9.954,8.915,8.0335,6.9615,7.624,7.5185,7.2915,6.254,5.648,6.9555,8.032,4.9777,4.0768,3.1152,2.6416,2.6608,2.8656,2.6848,2.5968,2.6192,2.744,2.6688,2.5408,2.6208,2.648,2.6432,2.5872,2.5856
22/09/2021,2.3488,2.3056,2.3808,2.3808,2.3504,2.2848,2.8848,2.3888,2.5184,2.6112,2.8144,2.7232,2.6848,3.936,6.63,7.608,5.173,5.7375,5.701,6.7485,7.29,6.1295,5.467,7.1425,8.493,8.142,7.565,7.5745,6.731,6.4035,7.702,6.434,5.107,4.8802,3.752,3.424,2.2416,2.1376,2.56,2.1536,2.3184,2.1744,2.2192,2.2784,2.104,2.216,2.3072,2.3664
23/09/2021,2.44,2.352,2.5056,2.1616,2.736,2.4048,2.648,2.4368,2.648,2.7552,3.9648,4.6192,3.6784,4.0592,6.566,5.901,5.56,5.0015,5.2355,5.816,4.9232,5.1725,5.325,5.4095,6.363,6.509,6.987,6.029,5.8065,6.003,5.237,4.9249,3.904,3.168,2.976,2.2768,2.352,2.1552,2.288,2.2192,2.4128,2.4336,2.3104,2.2304,2.2448,2.2544,2.1984,2.672
25/09/2021,2.2624,2.3488,2.2752,2.4096,2.3584,2.3728,2.3552,2.3056,2.5328,2.6304,3.2608,2.7776,2.6928,2.624,2.6208,2.7456,2.4784,2.392,2.3872,2.4992,2.544,2.424,2.3456,2.3712,2.3344,2.36,2.4736,2.3168,2.464,2.5056,2.3664,2.3504,2.4928,2.4448,2.1904,2.3568,2.1824,2.1088,2.1104,2.4176,2.2944,2.2,2.2384,2.1488,2.288,2.344,2.3216,2.3488
26/09/2021,2.3872,2.4352,2.2576,2.504,2.448,2.4224,2.336,2.4432,2.5472,2.7392,2.9904,2.704,2.8032,2.7664,2.7008,2.7392,2.9376,2.6016,2.5056,2.4464,2.568,2.3712,2.5728,2.4016,2.4704,2.4032,2.4448,2.4144,2.5888,2.696,2.6064,2.6336,2.592,2.5728,2.544,2.3072,2.4192,2.2272,2.1984,2.2848,2.1232,2.1088,2.2368,2.3888,2.2,2.176,2.2128,2.2912
27/09/2021,2.2848,2.4896,2.5296,2.4512,2.3904,2.3744,2.3792,2.4064,2.7136,2.872,2.6384,3.872,4.7184,3.9856,4.096,4.8208,6.376,7.3855,6.835,7.5475,7.4525,5.101,6.4175,7.552,6.8145,8.467,8.8195,6.827,6.317,6.4445,6.44,5.6545,4.7266,4.5552,3.4304,2.3952,2.264,2.3456,2.2944,2.2656,2.3312,2.5984,2.2416,2.3216,2.1936,2.2656,2.3488,2.5136
28/09/2021,2.3424,2.5008,2.3168,2.9456,4.52,2.3952,2.5344,2.5024,2.7872,3.2256,2.568,2.9408,2.7504,6.0735,6.7165,7.002,5.824,7.198,7.2275,8.411,5.5375,5.037,4.8866,5.208,4.8704,6.7085,5.845,4.5473,4.8656,5.211,6.899,6.728,3.7012,3.0432,3.9264,2.6992,2.2528,4.5152,2.3488,2.1696,2.0672,2.1168,2.2576,3.304,4.088,2.2928,2.4944,2.4352
29/09/2021,2.312,4.6832,3.0912,2.296,2.3344,2.488,4.6928,4.3344,4.8496,3.8016,2.7312,3.688,4.7296,4.4624,7.379,6.6145,5.872,5.4255,7.448,5.3535,4.8147,5.414,4.9716,5.7645,5.112,4.7651,5.31,4.922,6.6975,5.0285,5.33,4.8832,4.2896,4.0256,2.5824,2.2816,2.3056,3.008,3.9392,2.216,2.2848,2.6224,2.688,4.6016,2.3408,2.3952,2.4208,4.3792
30/09/2021,3.4032,2.5376,2.4432,3.5632,3.8352,2.4688,2.5216,2.6448,4.7472,3.5184,2.8288,2.7792,3.4912,5.7215,7.5905,7.51,5.485,6.757,6.31,5.666,5.43,5.242,5.387,5.4415,5.152,5.624,5.472,5.344,5.365,5.216,5.443,4.9187,3.9328,3.856,2.992,2.184,2.1392,2.184,2.0976,2.752,3.6112,2.2272,2.32,2.3104,2.1216,2.112,3.2288,3.568
01/10/2021,2.1808,2.1696,2.3872,2.2992,3.768,3.0592,2.2624,2.3824,2.5056,2.5792,4.968,3.272,2.6272,3.6816,5.2015,6.6065,6.926,7.109,4.9586,6.7455,5.779,4.6339,5.0925,5.0575,4.8676,7.1935,5.384,5.1325,4.7572,4.696,5.1405,4.7827,3.864,4.152,2.5104,2.4656,2.3792,3.2832,3.9376,2.3392,2.4832,2.16,2.8928,4.6464,2.544,2.2864,2.4656,5.3085
02/10/2021,3.4003,2.304,2.6048,3.6272,4.6992,2.6848,2.4624,2.608,4.3104,4.4208,2.784,3.1568,3.4624,5.35,2.7412,2.8096,2.6816,4.384,3.784,2.5824,2.7264,2.5152,5.0125,3.2995,2.9888,2.5824,2.6784,4.7472,2.5664,2.8432,2.5856,2.9776,4.7472,2.7296,2.496,2.3888,3.104,4.2688,2.384,2.8624,3.0256,4.2448,4.2016,2.9504,2.5376,3.1568,4.952,2.8784
03/10/2021,2.4624,4.4096,3.2912,2.5904,3.0448,5.2415,3.0161,2.6512,4.1888,5.1615,2.8657,2.9664,4.9936,4.2752,2.704,2.9584,4.824,3.3776,2.7392,2.5328,3.744,3.9216,2.5872,2.504,2.68,2.5744,4.0432,3.264,2.7296,2.7392,2.7488,2.5648,2.7792,2.8304,4.6368,2.352,2.4016,2.2944,3.7408,3.5312,2.2944,2.344,3.1472,4.2688,2.2432,2.2896,3.592,4.6224
04/10/2021,2.3088,2.472,3.5808,4.8208,2.3056,2.576,3.4864,4.3824,2.6224,2.9408,4.2432,6.747,6.6895,7.005,7.9825,7.8335,7.6385,6.608,6.7725,5.1695,6.757,7.536,6.2145,7.1695,5.949,5.4975,5.488,5.632,5.3965,5.285,5.96,5.1185,4.0561,4.216,4.1456,3.688,3.32,5.843,3.2514,2.8528,4.3152,2.296,3.7936,3.3616,2.2272,2.392,2.2784,4.8064
05/10/2021,3.1424,2.3152,2.4416,3.9408,3.5584,2.9136,2.504,3.784,3.8464,2.8928,2.936,4.3248,3.8416,4.4912,7.118,7.485,5.2175,5.7985,5.397,7.334,5.325,5.904,7.747,6.9985,7.3215,7.509,5.763,5.496,4.7172,5.36,6.432,5.5885,4.1907,5.947,4.253,3.9296,3.856,4.352,5.414,3.3716,3.3056,2.304,2.5952,4.688,2.7728,2.1872,3.0176,3.6128
06/10/2021,4.408,2.5472,2.4576,2.5616,4.552,3.8848,2.4256,3.9904,5.3645,5.5715,4.1648,2.7344,2.8896,4.6656,7.9775,7.251,5.4065,5.2305,7.9485,5.4355,5.1375,5.4305,5.2,5.6925,6.386,5.2925,5.189,4.8177,4.8304,5.48,7.363,5.029,4.6144,3.9584,3.8336,5.352,5.168,3.704,4.6544,4.816,3.5408,4.4752,3.2016,2.1392,2.3616,2.144,4.1584,2.5472
07/10/2021,2.5696,2.3024,2.4288,4.0544,3.2144,2.8832,2.36,2.2448,2.6256,4.4288,3.616,2.5408,2.7296,3.7728,6.795,7.189,6.686,5.357,5.603,6.85,6.9215,6.9725,4.698,5.019,5.368,4.557,4.16,5.928,6.131,5.6545,5.123,4.2707,4.0752,2.7744,2.7104,2.4176,2.1536,2.3776,2.1696,2.272,2.2352,2.1472,2.8992,3.3728,2.4528,2.2384,2.2,2.7776
08/10/2021,2.5392,3.1104,4.0176,2.3472,2.4256,2.384,2.5776,2.2128,3.2352,4.6016,2.7168,2.8032,2.672,3.4448,6.3695,6.0095,7.0545,7.7505,7.131,6.5345,4.9009,4.4384,5.488,5.046,5.805,6.4,5.672,5.52,6.043,6.509,6.2945,4.8481,3.7856,4.3184,4.1696,2.6432,2.2992,2.2768,2.6496,2.1568,2.4,2.24,2.9264,3.7216,2.1584,2.3936,2.2592,2.4112
09/10/2021,2.24,3.28,3.7424,2.3488,2.8352,2.5568,2.2304,2.3008,4.9008,2.76,2.752,2.5968,2.9072,2.6944,4.8512,2.7968,2.6416,2.496,2.6784,2.5184,2.5984,2.5408,2.5808,4.0464,2.616,2.3328,3.2128,2.4928,2.4816,2.7296,2.7504,2.7136,2.6224,2.7712,2.4912,2.4224,4.0752,2.4864,2.1648,2.3008,2.3424,2.1024,2.3616,2.904,3.7056,2.08,2.408,2.2336
10/10/2021,2.472,2.2112,3.5312,3.8288,2.4,2.304,2.4224,2.2912,2.632,5.123,2.9986,2.728,2.7392,2.8688,4.2464,3.8832,2.4352,2.6816,2.4784,2.5984,3.5536,3.8,2.5088,2.6096,2.5664,2.5616,2.5264,2.7088,2.7968,2.7328,2.6448,2.6944,2.7648,2.7296,2.6672,4.1136,3.1744,2.1024,2.3728,2.1648,2.384,4.36,2.5696,2.1264,2.376,2.3232,3.9056,3.5984
11/10/2021,2.4128,2.3968,2.5104,4.0464,3.8016,2.4608,2.4576,2.6528,4.5184,3.512,2.6016,4.7872,5.8285,6.5055,5.8515,5.3185,5.416,7.768,8.278,7.0065,6.0655,7.2065,7.3905,4.9938,5.115,6.544,7.763,6.058,5.859,6.752,5.933,6.806,6.2785,4.0947,3.5248,2.648,2.7968,2.3312,2.2048,4.256,3.3232,2.2848,2.2368,2.3216,2.3424,3.7328,3.5872,2.176
12/10/2021,2.5376,2.288,4.5984,3.5024,2.3296,2.432,2.2784,4.408,3.4208,2.8144,2.6032,2.8992,3.3632,5.6925,6.725,7.8685,7.53,8.5405,5.6895,5.57,6.214,5.864,5.6595,5.5485,6.056,5.8915,5.2685,5.4755,5.728,5.6705,6.296,5.07,3.9588,3.7376,4.1856,3.6304,3.5232,2.3712,2.3712,2.152,2.2864,3.1072,3.5824,2.1984,2.352,2.1856,2.2528,2.5168
13/10/2021,4.4176,3.6416,2.2016,2.472,2.1712,2.4672,3.3968,3.8864,2.5696,3.1888,4.488,4.6944,2.7872,4.8064,7.0095,6.0845,5.9315,5.152,5.435,5.344,5.229,7.3375,7.7295,5.733,7.032,6.8865,5.8685,6.3875,5.715,7.789,7.451,5.715,4.0628,3.7072,3.8704,2.8032,3.2464,4.424,2.216,2.2816,2.2208,2.3904,2.5568,5.086,2.9748,2.3248,2.3744,2.3536
14/10/2021,3.2192,4.792,2.1936,2.7824,2.1824,2.6832,4.3216,3.4096,2.5488,2.936,2.68,3.8224,4.6704,4.5344,6.883,7.6705,7.163,8.2815,6.677,6.003,5.533,6.5665,7.9725,8.104,7.946,7.59,4.874,5.064,5.702,4.954,7.4525,7.2225,5.6785,4.1505,3.9344,3.304,2.2528,2.2288,2.272,2.264,2.144,3.376,3.5712,2.3712,2.256,2.0624,2.6608,3.2752
15/10/2021,4.2112,2.6128,2.2992,2.5776,2.512,3.7664,3.9648,2.6144,2.7248,2.9472,4.664,4.0544,2.9664,4.8448,6.638,7.12,8.104,7.5555,7.8625,7.6045,6.3695,5.0545,4.8499,5.443,4.9074,4.8112,6.182,6.0915,4.9153,5.659,5.4065,4.6849,3.5328,2.8016,2.3824,2.9584,2.3904,2.288,2.6288,2.3488,2.4512,2.4368,2.44,2.4032,2.392,2.5424,2.328,2.9392
16/10/2021,2.4608,2.9616,2.7824,2.5376,2.7888,2.4672,2.648,2.6432,2.8736,3.0784,2.8512,3.0656,2.8608,2.9936,2.9536,2.8992,2.8656,2.7664,2.6944,2.7312,2.6096,2.7808,2.4848,2.6208,2.4592,3.1792,2.712,2.4736,2.576,2.7824,2.7152,2.752,2.6384,2.7504,2.6752,2.2496,2.3328,2.2176,2.4448,2.2544,2.2064,2.2304,2.5424,2.2576,2.3456,2.3136,2.4688,2.4304
17/10/2021,2.4592,2.328,2.4384,2.592,2.504,2.3696,2.5456,2.4784,2.7392,2.7168,2.8976,2.8048,2.8976,2.7392,2.7152,2.8128,2.616,2.6048,2.608,2.6912,2.512,2.6432,2.504,2.5968,2.5456,2.6464,2.4896,2.6064,2.576,2.8368,2.5024,2.752,2.7056,2.7696,2.4576,2.3856,2.2544,2.2384,2.2784,2.248,2.1712,2.4176,2.168,2.2496,2.1408,2.312,2.1968,2.4864
18/10/2021,2.3408,2.4576,2.4288,2.392,2.3584,2.4416,2.5168,2.4544,2.6608,2.7984,2.7952,4.4672,6.0415,6.2765,7.056,7.3425,7.9935,7.661,6.771,6.397,7.28,5.68,5,5.051,5.133,7.0735,8.8,6.949,8.5005,7.57,8.2735,7.336,4.5153,4.7216,2.6416,3.7776,3.9168,2.8912,3.8688,2.7312,2.096,2.4096,2.264,2.1904,2.6,4.6128,2.3616,2.3872
19/10/2021,2.2864,2.3712,2.6256,4.6944,2.44,2.3504,2.5808,2.2448,3.0864,4.7696,2.8464,2.7872,3.2176,4.3552,7.19,7.8035,7.411,5.632,5.8385,5.3745,6.0015,5.6225,5.112,5.736,5.907,5.637,6.0625,5.638,5.272,5.4785,5.7425,4.8818,3.9008,4.0928,3.8736,3.152,2.144,2.2064,2.1344,2.2656,2.1344,2.2576,2.2176,2.1728,2.56,2.5472,2.1728,2.3744
20/10/2021,2.4928,3.0448,4.5264,2.4032,2.5248,2.44,3.2448,4.3792,4.2336,3.5696,2.6416,2.5984,4.288,5.7295,6.883,7.136,5.2035,5.51,5.4225,5.4465,5.2495,5.0815,6.808,6.397,5.557,5.6845,5.5505,5.8,6.291,7.552,6.0035,5.5455,4.1826,4.1232,4.3424,4.152,2.7568,2.6704,4.9792,3.1024,2.2688,2.5024,2.4336,2.6768,5.032,2.8016,2.424,2.5056
21/10/2021,2.9296,4.1984,4.7392,2.5616,2.528,2.6752,3.3872,5.55,3.9492,3.2256,2.88,4.5312,6.1695,6.2445,8.7985,8.4385,8.44,6.461,6.7245,5.5985,7.7535,8.317,6.6335,6.3825,6.232,6.539,9.085,6.283,5.848,5.845,5.955,4.8131,6.2975,3.8177,4.8528,3.84,2.896,2.32,2.6496,3.4768,5.155,2.3026,2.6864,2.5632,3.2224,4.8832,3.1056,2.6272
22/10/2021,2.8592,4.6032,4.232,2.6048,2.8336,3.2656,5.102,2.842,2.912,2.9184,4.0304,5.2735,3.2065,4.7312,7.339,8.176,8.7665,8.7695,8.9185,8.1165,7.554,7.798,6.5345,6.3235,6.4175,7.4175,5.9905,6.8575,6.712,7.5695,6.744,4.6739,3.7536,3.7552,2.8848,2.744,2.3872,2.3408,2.392,2.4288,2.4144,2.4112,2.352,2.4656,2.4336,2.4416,2.5888,2.5328
23/10/2021,2.5072,2.512,2.448,2.7456,2.4112,2.7344,4.5824,2.8032,2.672,3.0144,2.8512,2.9136,2.9264,2.9792,2.8256,3.0112,2.7664,2.8208,4.488,2.992,2.7904,2.8,2.6704,2.5984,2.6,2.6816,2.6128,2.6736,2.7728,2.912,2.7792,2.8432,2.8672,2.8064,2.6128,2.4576,2.4896,2.4448,2.3696,2.3136,2.616,3.8592,2.8272,2.2576,2.56,2.3056,2.5328,2.3952
24/10/2021,2.8224,2.4208,2.6416,4.6624,2.992,2.3968,2.624,2.376,2.9328,2.7552,2.9424,2.9008,5.366,2.786,3.3344,3.4656,2.9664,2.5504,2.7424,2.736,2.664,2.4992,2.7632,2.6784,2.6768,2.5488,2.6016,2.6336,2.7424,2.8528,2.8032,2.7936,2.7408,2.6496,2.5968,2.5184,2.3856,4.2224,2.776,2.4752,2.3968,2.2176,2.4368,2.3184,2.456,2.3088,3.2512,4.3936
25/10/2021,2.6352,2.4048,2.6624,2.5216,2.344,2.4944,3.2496,4.2288,2.7216,3.0992,2.696,2.8064,2.8144,6.2175,9.8925,8.512,7.384,6.962,4.9312,6.318,7.765,8.216,8.0495,8.0895,7.3745,7.232,4.9267,5.174,4.9108,6.6415,5.1535,5.435,4.5332,3.824,2.8688,2.5472,2.4848,2.3824,2.6192,2.4096,2.616,2.5168,2.6048,3.3264,4.248,2.6848,2.528,2.6512
26/10/2021,2.6832,2.7008,2.736,4.3744,3.6336,2.7008,2.3872,3.0608,3.0944,2.992,3.1408,2.7472,5.387,3.0306,6.667,7.8945,7.68,5.755,7.7745,7.9825,8.384,7.664,5.6815,5.704,6.6015,8.1875,7.5085,5.733,4.8385,5.027,5.275,5.773,5.704,4.4082,3.0832,3.288,2.7392,2.2592,2.0928,2.4464,2.6128,2.1408,2.2032,2.2496,2.3472,2.7072,4.3072,2.3696
27/10/2021,2.3552,2.3568,2.2848,2.8528,2.4656,3.2752,3.8736,2.3184,2.6592,2.6784,2.7216,2.7008,2.8208,4.464,6.4845,4.4627,5.1725,5.3855,5.077,6.827,6.9025,6.6305,6.752,7.3935,6.6275,6.435,5.4225,5.2845,5.144,5.9795,6.2015,5.6255,5.48,4.2371,3.2208,2.4336,2.1488,2.2944,2.1792,2.3664,2.6016,3.264,3.5392,2.144,2.3152,2.248,2.2704,2.4112
28/10/2021,2.536,2.5968,4.48,2.592,2.8448,2.3568,2.3536,2.5808,2.4976,4.8736,3.1216,2.7408,2.5648,2.896,5.763,5.2065,5.8925,5.533,5.5505,5.539,5.496,6.416,7.3105,8.3855,8.576,8.2435,7.5485,5.525,5.7905,5.531,5.3265,5.2815,5.149,3.3472,2.6624,2.52,2.376,2.3408,2.3712,2.2608,2.6192,2.7312,2.2352,4.6544,2.7904,2.2816,2.4944,2.5248
29/10/2021,2.6112,2.3488,2.624,4.704,3.3552,2.4016,2.8912,4.6288,4.5264,3.328,2.9424,3.2464,4.4832,3.2832,5.539,6.925,8.07,4.8692,5.011,4.8466,6.5695,5.651,5.509,4.6913,4.9248,5.43,7.776,6.5905,5.216,4.6611,4.848,5.5645,5.072,5.421,4.1985,3.5888,2.7568,2.2928,2.4128,2.952,4.9456,2.568,2.5936,2.2944,2.36,4.1408,4.016,2.7424
30/10/2021,2.4448,2.6032,3.0864,5.118,2.9796,2.5168,2.648,2.6064,4.272,4.1904,3.0352,2.8016,2.92,3.12,5.294,3.1236,2.976,2.6736,2.6928,3.992,4.0416,2.704,2.6832,2.5328,2.6784,2.6432,3.2768,4.8592,2.8896,2.776,2.8352,2.6592,2.8736,2.8512,5.1855,2.7377,2.5952,2.4288,3.0576,4.8736,2.7136,2.488,2.5792,3.7216,4.9696,2.7248,2.6112,2.8112
31/10/2021,4.6464,4.8352,2.648,2.6752,3.4768,5.4685,3.5235,2.5312,2.5328,3.44,5.1375,2.7297,2.9136,2.8832,4.0448,4.5648,2.8944,2.8704,2.8144,4.4816,4.08,2.7488,2.7312,2.6032,2.8048,4.7056,3.344,2.5632,2.8704,2.6064,3.4608,5.286,3.5828,2.8496,2.944,3.9456,4.944,2.6848,2.5248,2.7184,5.0365,3.2819,2.2976,2.568,3.1536,4.9056,3.0544,2.7008
01/11/2021,2.432,4.3024,4.3328,2.5376,2.4016,3.9648,4.9616,2.792,2.5248,2.5968,4.9856,3.888,3.0096,5.992,11.9485,10.816,8.293,9.1485,9.6705,10.077,10.8065,10.1695,9.7585,11.238,10.0835,10.4125,10.0785,9.1935,7.754,7.571,8.517,9.0845,9.4065,10.328,7.976,4.8882,4.4976,2.4544,2.992,3.0736,2.9328,2.9616,2.6496,2.4864,2.5472,2.3952,2.784,2.3328
02/11/2021,2.5824,2.7328,2.7776,2.6416,2.6848,2.7888,2.7072,2.744,2.664,2.6992,2.6576,3.3536,3.4112,4.6528,7.1885,9.2305,14.043,11.4755,11.3505,10.3485,6.597,7.819,6.6465,5.632,5.6335,5.3585,5.987,5.6275,5.9215,5.824,5.816,5.915,6.005,6.083,6.93,5,6.1375,4.4545,2.6576,2.616,3.688,5.2495,2.6097,2.7152,2.7344,4.976,4.1856,2.7696
03/11/2021,2.7856,4.0256,5.147,3.205,2.7728,3.1552,5.395,3.4594,2.7968,5.3805,7.6835,4.1648,3.0096,3.2288,6.928,9.7245,8.8515,8.8845,6.941,7.683,9.8835,6.307,6.5585,6.904,8.5745,9.7325,8.357,8.608,6.9375,5.9615,6.064,5.8035,7.355,7.352,4.645,4.3232,4.3488,5.6095,3.9185,2.4416,4.7424,4.784,3.0928,3.9616,5.2975,2.8849,3.1552,5.304
04/11/2021,4.4816,2.848,4.9024,5.611,3.6914,3.5008,5.5775,4.3249,3.5664,5.683,5.5265,5.2765,3.306,5.4495,6.736,10.1245,11.661,9.84,9.28,8.789,7.2845,7.1935,9.4625,9.136,7.285,7.155,9.7475,8.3005,6.877,5.296,7.6525,5.8035,7.5025,8.683,7.2305,5.8175,3.7442,3.8832,5.507,3.2162,2.7488,5.091,4.8882,2.4128,5.147,6.365,6.088,12.016
05/11/2021,20.104,21.091,22.3615,20.1985,20.851,21.394,18.387,17.3615,17.4595,17.7245,17.776,19.384,20.037,13.6925,16.565,12.08,14.099,7.9395,7.155,7.8305,8.584,9.4545,9.8,10.011,9.456,9.125,9.328,9.3565,9.426,8.9965,8.0175,9.064,9.7025,7.0115,5.4365,4.4659,4.1312,3.3712,3.5888,3.2672,3.5584,3.3792,3.3632,3.472,3.5712,3.464,3.4816,3.368
06/11/2021,3.4464,3.5056,3.3872,3.5344,3.5056,3.4672,3.5984,3.2848,3.616,3.3328,3.7056,3.6752,3.7296,3.8224,3.7728,3.8112,3.568,3.808,3.5792,3.8032,3.5616,3.7456,3.8608,3.896,3.7232,3.6528,3.7088,3.552,3.7664,3.6672,3.848,3.5872,3.7728,3.7312,3.504,3.6704,3.5024,3.5568,3.4672,3.472,3.4416,3.4464,3.4176,3.4112,3.648,3.3264,3.592,3.7392
07/11/2021,3.9536,3.7488,3.328,3.7008,3.3184,3.5248,3.528,3.5872,3.4416,3.416,3.7152,3.7056,3.8432,3.6192,3.9968,3.8448,5.224,4.3216,5.288,4.9088,4.68,5.446,4.9796,5.136,5.251,5.4015,4.6547,3.936,3.8448,3.8928,3.9984,3.944,3.896,3.9088,4.0144,3.8288,3.6256,3.5488,3.848,3.4736,3.6112,3.6032,3.704,3.4496,3.6096,3.7072,3.7296,3.5712
08/11/2021,3.576,3.6208,3.6576,3.5248,3.7696,3.6432,3.56,3.6192,3.7552,3.5392,3.8208,4.0256,3.8288,5.987,7.8945,8.216,9.432,10.1005,9.986,9.894,11.5955,13.747,13.9635,13.9325,10.8515,11.272,11.486,11.2545,11.4255,11.237,11.555,9.4305,9.368,7.152,4.9219,4.8608,3.7504,3.9936,3.4128,4.0832,3.7584,3.624,3.6368,3.4544,3.3248,3.5312,3.6768,3.328
09/11/2021,3.5952,3.472,3.5136,3.3504,3.4512,3.4848,3.5488,3.4336,3.448,3.4736,3.704,3.6864,3.6512,3.7856,3.8176,6.6815,7.288,8.4735,11.208,13.981,16.008,15.2415,15.2065,14.1965,13.3105,13.3935,11.981,12.88,11.832,12.7745,13.2415,11.6495,13.155,11.226,12.8175,11.7505,11.976,11.11,10.52,10.101,10.3135,11.029,10.6625,10.854,10.77,10.862,11.226,11.0205
10/11/2021,8.453,8.523,8.5585,8.44,8.253,8.606,8.344,8.5315,8.5585,8.552,8.6925,8.6895,8.8865,8.5345,8.632,9.7535,10.557,11.2705,11.6735,11.7855,11.973,11.534,10.0865,9.48,10.4995,10.0845,11.008,10.5055,10.5585,10.3935,10.5745,10.5105,10.992,10.3985,10.5725,9.874,10.203,9.8305,8.5325,8.09,8.3375,8.187,8.0625,8.2545,8.259,8.293,8.3215,8.091
11/11/2021,8.1905,8.2995,8.3135,8.224,8.243,8.045,8.3105,8.1165,8.192,8.245,8.4175,8.632,8.48,8.4975,8.4415,9.0195,9.9585,10.416,10.675,10.592,10.2145,10.539,12.213,18.211,16.9585,15.923,13.8995,10.384,11.496,10.72,10.7805,10.6275,10.611,10.7985,10.477,9.99,9.6305,8.4575,9.605,9.763,11.746,10.7245,10.5295,10.306,10.838,10.9555,11.3245,10.3825
12/11/2021,7.0975,6.9505,7.128,6.936,6.9105,7.0335,6.9235,7.091,6.893,6.976,7.12,7.368,7.435,7.141,7.264,7.1695,5.3265,6.091,9.373,10.592,11.0525,10.389,11.1165,13.829,14.451,14.037,12.965,13.995,15.1215,15.6195,15.3375,15.5295,16.219,14.9875,14.9325,14.2515,12.9085,12.845,13.315,13.4305,12.7795,13.0815,13.147,12.8625,12.779,13.125,12.981,12.819
13/11/2021,12.8705,12.8385,12.598,12.869,13.141,12.79,12.517,12.8575,12.7585,12.715,12.832,13.138,12.971,12.629,13.118,13.018,12.531,12.8385,13.003,12.3135,12.6785,12.7375,11.442,11.099,11.3345,11.339,11.2815,10.973,11.091,11.226,11.12,11.4815,11.459,11.1155,11.352,11.403,11.235,11.1505,11.2865,10.9375,11.2995,11.52,11.8605,11.6065,11.771,11.7555,11.7185,11.958
14/11/2021,11.6945,11.8945,12.005,11.7855,12.1585,12.134,12.1585,11.768,11.856,12.136,11.6385,12.448,11.851,12.224,12.9715,13.3535,13.8495,13.304,13.4385,13.5375,13.4255,12.9475,12.9025,12.3085,12.1615,12.298,10.9535,10.827,10.877,10.907,10.605,10.915,11.2,11.549,11.571,11.4225,11.475,11.576,11.757,11.157,11.206,11.997,11.365,11.95,12.7025,11.8675,11.9565,11.872
15/11/2021,11.3105,12.1105,11.6605,12.12,12.2225,12.0785,11.688,11.773,11.6525,13.2705,11.979,13.2945,13.248,13.2735,12.7875,13.072,12.539,14.6785,14.3985,13.163,14.9265,11.245,11.622,14.978,14.3775,14.0765,13.3395,13.723,13.952,14.0595,14.1645,12.88,13.656,14.32,13.864,12.9555,13.2285,12.7635,11.5135,11.323,11.488,11.1215,11.1505,11.2595,11.27,11.4035,11.5935,11.632
16/11/2021,12.064,11.621,11.491,11.84,11.331,11.4705,11.7615,11.2995,11.5185,13.134,13.7315,13.6415,11.464,11.7905,11.4045,11.7875,12.8865,12.424,13.539,13.2735,13.2735,12.8835,12.955,13.2575,12.5985,13.5935,13.37,13.1855,14.28,14.2495,12.8575,12.5635,13.198,13.21,13.014,12.5235,12.2335,12.008,11.0175,11.4145,11.333,11.286,11.0275,11.3165,11.237,11.1265,11.3265,11.31
17/11/2021,10.89,11.5055,11.4205,11.568,11.669,11.8175,11.189,11.5135,11.3935,11.832,11.512,11.3345,11.7455,11.325,12.28,11.64,12.48,12.9265,13.726,13.493,13.363,13.53,12.1775,12.635,12.6495,13.3395,13.2285,13.168,11.616,11.186,10.3725,11.2785,10.253,10.667,9.7855,9.653,7.9025,7.782,7.976,7.749,7.787,7.936,7.73,7.8605,7.765,7.8015,7.9135,9.229
18/11/2021,9.011,8.709,8.8255,8.84,9.0865,8.856,8.7135,8.9615,8.9375,9.109,9.147,9.306,8.984,8.923,8.837,9.171,10.1295,10.9455,10.722,10.926,11.0865,11.8995,12.419,11.76,11.117,11.323,10.957,11.9055,12.179,12.565,12.0335,11.813,11.875,11.5505,11.256,10.7505,9.776,10.662,10.013,9.683,9.7235,9.635,9.7715,9.4415,9.915,9.6275,9.8605,9.4705
19/11/2021,9.165,9.867,9.725,9.7245,9.7155,9.739,9.7295,9.8675,9.816,9.667,9.917,9.963,10.059,9.84,9.938,10.2655,11.363,11.6995,11.264,11.44,10.7085,9.149,8.2095,7.624,8.6495,7.624,7.165,7.2365,7.81,8.4845,8.8,9.592,8.576,8.9075,8.4895,8.032,7.8205,7.357,7.7105,8.0735,7.837,7.7805,7.837,7.9055,8.211,8.1395,7.8545,7.9855
20/11/2021,8.144,8.275,8.4255,7.92,8.381,8.539,8.1505,8.704,8.5295,8.5425,8.88,8.888,8.2275,8.8365,8.525,8.8445,8.6625,8.6915,9.038,8.917,8.789,8.7725,8.256,8.7345,8.075,8.357,7.677,8.408,8.4735,8.216,8.0255,8.6065,7.7645,8.3155,8.155,8.7635,8.64,8.347,8.653,8.454,8.402,8.424,8.438,8.232,8.538,8.6285,8.941,9.3025
21/11/2021,9.1455,9.248,9.339,8.864,8.8415,9.018,9.115,11.4895,10.888,11.4275,11.326,11.44,11.506,11.95,11.186,11.918,11.949,11.6575,11.573,10.792,11.3325,10.018,10.83,10.218,10.616,10.336,10.87,11.077,10.6815,10.6465,10.885,11.2125,10.6755,11.299,11.3375,11.9985,12.093,11.222,11.304,11.8785,12.2225,12.3025,11.4495,10.4015,8.9665,9.627,9.042,9.435
22/11/2021,9.6095,8.8675,9.475,9.6415,9.552,10.1875,9.4495,9.6445,9.9105,9.704,9.6115,10.019,10.563,10.0385,9.9695,9.776,10.2225,10.6095,11.568,15.1105,16.7025,16.853,15.894,16.258,16.224,15.28,11.7805,12.968,12.197,12.691,13.7695,12.914,13.4335,13.1375,13.291,12.525,12.051,12.864,12.8355,13.267,14.376,13.173,13.3665,13.267,13.992,13.8625,12.9885,12.746
23/11/2021,13.7325,13.8545,13.3375,13.6975,13.7105,12.021,11.2605,11.349,11.736,13.1665,12.3215,10.8175,10.8,11.0495,10.373,10.2945,11.6385,12.4525,12.357,12.3505,19.2045,18.5715,12.9935,12.4,11.923,12.189,12.0575,12.6385,13.771,15.0015,13.8035,14.3265,14.6175,14.5135,13.843,12.965,12.403,12.7875,11.9295,12.3905,11.072,10.88,11.6305,11.2415,11.736,12.2785,13.1775,12.0925
24/11/2021,12.456,12.1745,13.2115,13.267,12.261,12.1455,12.9645,12.824,13.386,13.046,13.042,12.3455,13.243,13.589,13.3055,13.939,14.2545,12.3215,11.5025,11.696,12.9955,11.7215,11.7505,12.056,12.715,12.2945,12.1185,13.1565,13.4945,13.712,14.4575,14.7985,13.2735,12.6735,13.0705,14.349,13.3265,12.915,11.835,11.97,11.307,12.221,13.299,12.9985,13.984,13.907,13.949,13.376
25/11/2021,14.072,10.7645,11.293,12.005,12.091,11.869,11.864,11.8895,11.4735,12.011,12.4755,12.568,12.3775,12.344,12.339,12.165,12.7535,13.9855,14.6145,16.7215,14.336,11.909,16.4815,16.816,13.2915,13.1375,13.984,11.859,13.701,12.704,14.6705,13.0445,12.9695,12.3345,11.152,10.1425,10.376,12.5695,11.9905,11.8015,10.9985,10.243,10.05,12.184,11.5565,11.597,12.96,13.3295
26/11/2021,13.4655,14.5295,13.352,13.6595,12.8625,13.5885,13.1535,12.8595,12.648,12.5825,12.414,12.658,12.6525,12.4495,9.906,10.496,10.619,11.0865,11.059,11.5635,15.8845,16.3135,13.973,15.1105,13.1565,11.602,10.683,13.117,15.0205,11.8495,13.376,12.778,13.952,18.1855,15.963,14.1215,13.1265,12.093,12.224,12.0545,14.2975,14.0205,13.9395,11.6575,12.488,13.912,15.7905,14.9565
27/11/2021,14.768,15.005,16.715,17.4195,16.619,15.936,16.8355,16.4685,17.4195,15.731,14.093,14.211,14.379,16.16,16.768,16.6305,16.4915,16.203,14.5105,14.0385,14.19,15.9315,16.323,16.813,16.568,16.504,16.5965,16.89,15.4845,15.1795,13.734,14.581,16.792,16.784,16.896,16.9185,14.3135,14.0495,16.1215,16.938,17.822,17.4675,16.84,17.6175,17.771,17.7425,17.437,17.8975
28/11/2021,17.573,17.984,17.512,17.974,17.464,18.1475,17.4465,18.4175,18,18.3405,18.4065,18.7215,17.8595,18.232,17.931,18.0065,14.96,14.848,14.413,15.9615,16.7265,16.846,16.4755,16.1245,13.917,14.5425,14.696,17.2045,17.154,19.2445,17.1935,18.1665,18.901,18.083,17.592,17.8995,16.278,17.885,17.9985,19.2385,18.502,19.802,17.462,17.114,17.203,18.1345,18.328,18.227
29/11/2021,17.7955,19.7165,18.1075,17.624,18.3245,19.4465,18.1135,18.7535,20.0145,19.2035,18.704,17.0015,18.896,21.176,20.5775,20.0065,18.059,16.4975,20.224,19.053,16.909,16.944,16.846,14.8115,14.9055,17.845,16.704,15.92,12.982,15.394,16.5805,18.528,16.957,16.768,12.571,13.36,11.581,10.6925,10.0995,7.515,7.069,7.84,7.408,7.216,6.9885,6.9425,8.0015,7.1715
30/11/2021,6.8525,7.2115,7.1725,6.904,7.8915,7.5535,6.555,7.2785,7.376,8.4515,10.0365,8.1665,7.688,7.088,7.5295,7.4515,8.9295,9.8785,9.699,9.6175,13.6595,14.699,14.712,13.0895,13.8915,12.862,12.13,9.7165,8.8115,8.182,8.021,8.6225,10.1665,12.1645,12.9315,11.304,10.846,10.6145,10.109,10.2175,10.235,10.344,10.373,11.1265,9.9505,11.384,10.827,10.1295
01/12/2021,10.6355,10.334,10.509,11.4,9.8495,10.069,9.5935,10.147,10.106,11.024,10.459,10.5425,9.808,10.787,10.157,11.2145,11.203,10.6145,10.499,9.3695,11.53,13.598,10.7505,9.7375,12.341,11.845,12.6415,11.056,8.96,7.712,8.28,8.811,8.9455,9.674,9.942,9.026,9.339,8.5505,8.6945,9.712,9.278,9.24,8.9345,9.4145,9.5105,9.3745,9.384,8.7535
02/12/2021,9.9405,9.602,10.648,9.2445,10.1295,9.5395,9.3825,9.438,9.3955,9.7455,10.072,11.04,10.3025,11.547,12.016,11.5235,11.1055,12.6,11.8975,18.664,17.859,16.0115,14.5905,14.2605,14.2975,13.258,14,13.691,14.224,13.685,13.47,13.4785,11.885,13.0415,13.152,13.789,12.6095,12.1965,13.0065,13.32,12.9745,13.1025,12.784,13.0255,12.997,13.0125,12.8595,12.5965
03/12/2021,12.797,13.2365,12.44,13.1395,13.651,13.5055,11.5235,13.272,13.387,12.7665,13.6545,12.867,12.1345,11.915,11.624,10.853,10.3455,10.6755,11.536,9.558,8.824,8.533,8.6385,9.035,9.7535,8.504,8.1905,8.557,10.5265,10.3055,9.016,11.1935,10.544,9.875,10.541,10.2815,10.9745,9.787,9.581,9.8145,8.3585,8.326,8.5505,7.5985,7.712,7.8865,7.6285,7.8995
04/12/2021,7.5405,7.709,8.2975,8.12,7.648,7.064,8.168,7.5345,7.581,7.96,8.603,8.7025,8.4925,8.792,8.5745,8.645,8.3185,8.3245,8.576,8.6545,8.443,8.122,8.307,8.915,8.352,8.274,8.6175,8.8125,8.504,8.256,8.506,8.635,8.688,8.243,8.368,8.3425,8.1715,8.715,8.229,7.9085,8,8.4255,8.29,7.875,7.8575,8.0675,8.4575,8.323
05/12/2021,8.3775,8.1665,8.2575,8.437,8.672,8.9535,8.776,8.2495,8.557,8.507,8.9505,8.9425,9.08,8.715,9.149,8.899,8.9665,9.197,8.7265,9.208,8.755,8.872,8.552,8.395,8.1635,8.48,9.187,9.2065,8.6145,8.3885,8.7795,9.035,8.7825,8.435,8.352,8.538,8.744,8.464,8.5455,8.2945,8.518,8.493,9.109,8.707,8.613,9.4,9.875,9.6865
06/12/2021,9.6545,9.478,9.9795,10.216,10.0255,9.7455,10.5055,10.5585,9.7955,12.736,14.1215,12.1055,10.3025,9.928,11.032,10.736,10.123,10.9345,15.92,17.763,17.28,15.2625,14.4465,15.0625,14.8625,14.347,12.7025,14.875,13.1585,12.659,12.698,14.099,13.2735,13.2355,13.0735,12.5725,13.946,15.928,14.566,11.608,11.3395,11.035,11.6115,10.622,12.442,12.5215,12.2225,12.099
07/12/2021,12.605,12.3455,14.12,14.776,14.475,11.9905,11.2865,12.747,12.7025,13.464,12.8705,15.1775,16.115,15.48,15.33,14.6925,13.9535,13.541,14.4785,15.379,18.6095,17.0625,14.44,13.8255,14.4305,15.84,15.4545,15.187,13.4915,10.459,10.2415,10.9155,10.936,12.2065,12.5885,11.496,13.4675,11.888,12.083,11.52,11.131,12.021,11.435,12.2115,11.688,11.995,12.192,11.7105
08/12/2021,12.0705,12.115,12.261,12.2285,12.704,12.3105,12.4225,11.829,11.963,11.429,12.1455,12.883,12.437,13.043,12.469,12.0125,11.853,14.667,12.517,13.427,11.4115,12.1345,13.9645,13.701,13.5695,14.229,14.87,14.3315,14.08,13.456,13.5935,14.1025,14.5985,13.71,13.7635,13.1695,13.192,12.3615,11.904,11.701,11.979,11.805,11.832,12.6285,12.6385,11.765,11.6065,11.752
09/12/2021,11.5805,11.757,11.339,10.333,12.2945,10.8975,10.616,11.899,11.9905,12.0735,11.7265,11.512,11.4145,12.168,11.4845,12.322,12.835,13,12.8575,11.877,11.7505,14.44,13.248,12.8365,12.6575,10.328,10.664,12.2195,10.387,10.0675,13.3695,11.6015,10.765,16.347,15.717,13.211,10.701,10.2255,10.4785,10.032,9.683,10.3855,9.9855,10.216,11.0225,10.4305,10.0895,9.925
10/12/2021,10.1345,9.6925,9.7905,10.587,10.072,9.6515,9.7585,9.7535,9.8895,9.915,10.042,9.979,10.101,10.323,10.9455,10.877,10.4125,11.3075,12.1585,11.2605,11.7555,12.448,13.102,12.49,12.1935,11.6785,10.7535,8.1055,9.1825,9.867,9.3695,8.2195,8.0445,8.2145,8.5135,8.7425,8.2255,7.682,7.339,7.936,8.275,7.9905,7.768,8.0275,8.886,8.41,7.8735,7.8365
11/12/2021,8.1585,8.24,8.0575,8.05,7.9455,7.7775,7.8785,8.8975,8.312,7.7215,7.8255,8.25,8.632,8.2335,8.4225,8.275,8.376,8.403,9.506,8.1615,8.1425,8.224,8.2525,7.8195,7.8495,8.0125,8.728,8.949,8.064,7.8975,7.856,7.8975,7.893,7.912,7.7375,8.592,8.429,7.68,7.5455,7.261,7.198,7.714,7.9615,7.608,7.384,7.1885,6.9025,7.0945
12/12/2021,8.213,6.7775,6.8225,6.763,7.2095,7.416,7.341,7.192,7.771,7.832,8.5475,8.494,7.4515,7.6945,7.7695,7.5535,8.411,7.717,8.344,8.2015,7.9235,7.518,7.082,7.259,6.227,7.4435,6.8285,6.512,6.557,6.3265,6.1695,6.0865,6.648,7.68,7.7265,8.206,7.5985,7.0225,7.0625,7.211,7.9825,7.189,7.998,7.994,7.096,7.2205,7.4,7.2195
13/12/2021,6.976,8.0285,7.8305,7.8545,7.803,7.709,7.32,7.1855,7.944,8.0945,8.1265,8.2335,8.4655,8.0975,8.0595,7.944,5.659,6.923,11.354,12.2925,13.472,14.4435,13.774,13.336,13.1185,12.917,12.1505,12.699,14.803,15.9025,14.653,14.9375,13.7425,13.099,11.3315,12.752,12.7485,11.3315,12.3695,11.84,11.8145,12.1165,12.8145,12.3985,11.3935,12.0975,11.757,12.395
14/12/2021,12.165,12.1025,12.267,11.7105,12.3245,12.7235,12.7025,12.987,12.507,13.842,14.198,13.65,13.776,13.6895,13.707,13.992,14.005,14.3505,14.0045,12.944,14.2975,13.888,13.3585,13.3105,13.432,12.496,12.584,12.795,15.226,13.574,12.77,11.875,12.0415,12.0065,11.4225,11.3375,10.293,10.632,10.5485,9.6815,9.992,10.693,10.451,11.3265,10.4275,10.0095,10.739,11.1825
15/12/2021,10.8735,9.952,10.021,10.1245,10.9185,10.5135,10.005,10.013,10.083,10.0945,10.9325,10.829,10.8655,11.301,10.5455,10.533,10.488,10.819,12.4095,14.0095,14.88,14.304,13.544,12.328,11.704,12.882,14.803,14.5695,11.4275,9.523,9.472,10.2095,10,8.056,8.1695,9.2545,12.6385,11.8975,10.981,10.8605,11.018,11.254,9.882,10.0845,10.4515,10.728,10.411,11.4815
16/12/2021,10.984,10.5695,10.522,10.659,10.76,9.8065,11.203,11.413,10.6605,10.032,10.3985,10.6575,11.5555,10.5565,11.058,12.227,12.317,11.286,11.4035,11.4335,12.067,9.709,9.4815,8.8945,8.6305,9.6095,12.085,12.323,10.293,9.504,10.675,10.0145,9.2145,8.782,8.832,9.5265,8.3935,6.981,6.483,6.904,7.064,6.413,7.077,7.958,7.858,8.128,8.3085,7.3955
17/12/2021,8.3295,8.1085,8.304,8.504,9.2865,8.152,8.3855,10.245,9.917,9.224,9.9725,9.5055,10.2675,10.2575,10.7905,10.3665,10.4895,12.072,11.264,11.2975,12.664,12.917,12.5245,13.2495,13.418,13.3645,13.9665,13.448,13.7025,13.0845,14.424,13.058,14.816,10.8495,10.5005,10.842,7.2655,7.3405,7.5795,8.843,7.8035,7.984,8.046,8.218,8.2015,8.547,8.6305,8.131
18/12/2021,8.309,8.5185,8.3425,8.379,7.976,8.355,8.7985,8.245,8.803,8.872,9.256,8.5215,8.6595,8.5985,8.326,8.6275,8.4895,9.3425,9.016,8.6545,8.792,9.016,8.5805,8.7135,8.149,9.571,8.677,8.4655,8.2895,8.3825,8.413,8.3825,9.371,8.667,8.477,8.648,8.416,8.072,8.2945,8.424,8.6945,8.496,8.31,9.7395,9.608,9.752,9.7245,9.9345
19/12/2021,9.944,9.3955,9.211,9.459,8.9075,10.296,10.304,10.0735,10.339,10.066,10.472,10.32,10.6685,10.6095,10.677,10.885,10.736,10.416,10.1375,10.859,10.789,10.5025,10.8095,10.6705,10.584,10.446,10.6755,10.7025,10.515,10.008,10.688,10.755,10.432,10.4435,11.0465,10.792,11.4,10.627,14.595,12.8705,10.4625,11.221,12,10.8575,11.363,10.136,14.2035,12.968
20/12/2021,10.715,10.48,10.9935,10.6355,9.6285,11.269,11.1375,9.741,10.571,9.987,10.989,10.725,9.664,9.952,10.184,11.283,10.605,11.486,13.296,13.4675,13.683,14.5455,13.9075,13.8655,14.699,15.962,14.3005,15.152,12.704,13.5825,13.387,13.144,16.3155,16.1645,14.2145,13.6225,12.925,12.47,12.81,12.267,11.8625,12.3455,12.1215,11.9905,11.8975,12.4815,11.9025,12.3075
21/12/2021,12.5295,12.5985,11.776,13.822,15.181,12.637,12.422,12.098,12.9805,12.1425,13.317,15.1935,13.243,11.304,12.0435,12.1375,14.243,15.1455,13.5185,15.496,15.2915,15.894,15.2545,15.3535,15.3025,15.8065,14.525,15.566,15.226,14.4285,13.88,15.1665,14.579,12.445,12.9265,13.043,13.4815,12.861,13.0545,13.1105,13.115,12.5615,13.136,12.6945,12.837,12.808,13.475,12.765
22/12/2021,13.736,13.4415,13.6285,12.6755,13.392,13.0205,14.714,14.28,15.712,18.054,14.797,14.8945,14.507,15.5875,15.686,15.522,18.27,17.621,15.8865,18.083,15.9505,17.851,17.738,16.176,16.36,14.5215,12.555,13.909,12.9055,12.5935,12.781,12.368,13.2145,12.9325,13.704,12.5855,12.114,11.03,10.898,11.126,11.293,11.253,13.416,13.022,10.3825,10.5825,10.168,10.603
23/12/2021,10.1025,9.5215,9.8595,10.1345,10.302,10.1555,10.408,9.7825,9.912,10.083,10.251,10.3075,10.3345,10.4045,11.0755,10.07,9.8545,9.984,9.9505,9.8145,9.6895,9.757,9.7245,10.9185,9.5585,9.251,9.2735,9.2145,10.2895,9.13,9.3085,9.1955,9.44,9.214,9.248,10.7025,9.6545,9.0415,9.0625,9.8175,9.2545,9.2145,8.9105,8.824,9.1455,9.435,9.429,9.08
24/12/2021,9.139,9.192,9.2975,9.1875,10.856,8.9135,9.4625,9.3375,9.227,8.9665,9.344,9.7475,10.032,9.6525,9.8865,9.853,9.755,9.728,9.6865,9.3165,10.624,10.2945,9.7135,9.464,9.096,9.17,10.387,9.403,9.3635,9.3745,9.486,9.8065,10.093,9.3535,9.683,9.4625,9.4835,9.752,9.6205,9.5395,10.336,10.056,9.915,10.1855,10.1025,9.691,10.277,9.867
25/12/2021,10.12,9.73,9.742,10.0385,9.981,10,10.347,10.2,10.032,10.1555,10.072,10.416,10.36,10.1535,10.267,10.2495,10.672,10.301,10.693,11.0655,10.92,11.1425,10.84,10.974,10.898,11.299,10.653,10.144,10.448,10.683,11.795,11.0305,11.1585,11.032,11.029,11.168,10.827,10.707,11.0945,10.9875,10.699,11.459,10.893,11.739,11.442,11.638,11.8435,11.9615
26/12/2021,11.8015,14.061,14.8655,11.144,11.7375,10.9955,11.43,10.962,11.702,11.2835,10.816,11.4525,11.234,11.571,11.5295,11.1075,11.56,11.4575,10.9855,11.32,11.072,11.3135,10.9665,10.6865,10.2625,10.5565,10.3475,10.382,10.2675,10.3745,10.11,10.325,10.0465,10.504,9.6095,10.0385,9.9855,10.157,9.851,10.472,9.848,10.0145,9.8125,9.8675,9.8,9.9585,9.624,9.595
27/12/2021,9.8705,9.7505,9.392,9.8125,9.432,9.5775,9.186,9.6685,9.493,9.5485,9.397,9.856,9.6225,9.8305,9.931,10.2015,10.44,9.904,9.6275,9.792,9.563,9.9295,9.9955,9.691,9.488,9.363,9.701,9.5615,9.4255,9.248,8.933,9.709,9.563,9.7615,9.3715,9.456,9.2335,9.024,9.1775,9.659,8.7395,9.2655,9.1775,9.181,9.163,9.224,8.805,9.5245
28/12/2021,9.285,9.5775,9.0945,9.971,8.856,9.2835,9.4125,9.024,9.037,9.029,9.4605,9.1635,10.011,9.616,9.261,9.4685,9.5955,9.904,10.0445,9.2735,9.168,9.093,9.2575,9.1905,10.1295,9.192,9.461,9.088,9.0975,8.912,9.032,10.077,9.544,8.9695,9.467,8.8195,8.8525,9.1155,9.995,9.288,9.221,8.9215,9.448,9.731,9.1075,9.87,9.3585,10.024
29/12/2021,9.8355,9.587,9.907,9.88,10.114,9.606,10.08,10.3345,10.245,9.8385,9.408,9.158,9.7235,9.627,10.04,9.6415,9.2305,9.5635,9.384,13.494,11.493,10.7745,12.4175,12.4065,12.7165,12.925,11.632,11.0065,10.435,10.1265,9.08,10.355,12.389,10.1265,10.752,11.243,10.1265,9.9935,9.213,10.4285,10.6865,10.3155,10.4335,10.8495,10.616,9.803,9.8625,9.9135
30/12/2021,9.6595,10.747,10.728,11.6195,10.44,9.4495,9.48,10.5295,9.2895,10.1635,9.859,9.696,8.984,8.8655,10.0575,9.578,10.518,9.738,8.816,8.926,9.765,9.744,9.891,9.498,9.355,10.36,10.5185,11.464,10.1375,9.92,9.096,11.197,9.376,11.115,10.3215,10.0035,9.2285,9.1235,9.547,9.621,9.774,10.093,9.7535,9.8785,9.3935,9.0355,9.7645,9.2625
31/12/2021,9.2385,9.44,9.3665,9.7375,10.04,9.6225,10.275,9.0495,9.205,9.4945,9.95,9.4835,8.571,7.4515,8.376,8.627,8.9855,8.4895,7.648,8.474,8.854,8.741,7.928,7.9025,7.8385,7.8445,8.2435,8.0365,7.4175,7.858,9.0365,9.005,9.1135,8.6545,8.4335,8.4945,8.5965,7.8065,8.8975,8.3795,8.0575,9.2415,7.7075,8.5695,8.2765,8.832,8.136,9.0465