,0:00,0:30,1:00,1:30,2:00,2:30,3:00,3:30,4:00,4:30,5:00,5:30,6:00,6:30,7:00,7:30,8:00,8:30,9:00,9:30,10:00,10:30,11:00,11:30,12:00,12:30,13:00,13:30,14:00,14:30,15:00,15:30,16:00,16:30,17:00,17:30,18:00,18:30,19:00,19:30,20:00,20:30,21:00,21:30,22:00,22:30,23:00,23:30
1/1/2021,1.9,1.9,1.9,1.9,1.9,1.9,1.9,1.9,1.9,1.9,1.9,1.9,1.9,1.9,1.9,1.9,1.8,1.3,1.3,1.3,1.3,1.3,1.3,1.3,1.3,1.3,1.3,1.3,1.3,1.3,1.4,1.3,1.4,1.9,1.9,1.9,1.9,1.9,1.9,1.9,1.9,1.9,1.9,1.9,1.9,1.9,1.9,1.9
1/2/2021,1.9,1.9,1.9,1.9,1.9,1.9,1.9,1.9,1.9,1.9,1.9,1.9,1.9,1.9,1.9,1.9,2.3,2.9,2.4,2.5,2.7,2.7,2.8,2.7,2.7,2.8,2.9,2.8,2.8,2.8,2.8,2.8,3.3,3.4,3.4,3.4,3.4,3.4,3.4,3.4,3.4,3.4,3.4,3.4,3.4,3.4,3.4,3.4
1/3/2021,3.4,3.4,3.4,3.4,3.4,3.4,3.4,3.4,3.4,3.5,3.4,3.4,3.4,3.4,3.4,3.5,3.5,3.2,2.8,2.9,2.9,2.8,2.8,2.8,2.8,2.8,2.8,2.8,2.8,2.8,2.9,2.9,3.3,3.4,3.3,3.3,3.3,3.3,3.4,3.6,3.6,3.6,3.6,3.6,3.6,3.6,3.6,3.6
1/4/2021,3.7,3.6,3.6,3.6,3.6,3.6,3.6,3.6,3.6,3.6,3.6,3.6,3.6,3.6,3.9,3.8,4,3.5,3.5,3.5,3.6,3.5,3.5,3.5,3.7,3.7,3.7,3.6,3,3.4,3.9,4.2,4.1,4.1,4.2,4.2,3.9,3.1,3.1,3.2,3.2,3.1,3.2,3.2,3.1,3.1,3.1,3.2
1/5/2021,3.2,3.1,3.1,3.2,3.2,3.2,3.2,3.2,3.2,3.1,3.2,3.2,3.2,3.1,3.5,3.3,3.3,3.2,3,3.4,3.5,3.1,3.4,3.5,3.5,3.4,3.4,3.4,3.1,3.1,3.1,3.5,3.4,4.2,3.4,3.2,3.2,3.2,3.2,3.2,3.3,3.4,3.3,3.3,3.3,3.3,3.3,3.3
1/6/2021,3.3,3.3,3.3,3.3,3.3,3.3,3.3,3.3,3.3,3.3,3.3,3.3,3.3,3.3,3.5,3.4,3.4,3.3,3.1,3.2,3.1,3.1,3.1,3.1,3.1,3,3.1,3.2,3.3,3.2,3.3,3.2,3.2,3.8,3.7,3.7,3.3,3.2,3.2,3.2,3.2,3.2,3.2,3.2,3.2,3.2,3.2,3.2
1/7/2021,3.2,3.2,3.2,3.2,3.2,3.2,3.2,3.2,3.2,3.2,3.2,3.2,3.2,3.2,3.4,3.5,3.4,2.9,3,3.1,3,3.1,3,3,3.1,3,3.1,3.2,3.6,3.8,4.1,3.3,5.7,6,5.7,5.7,5.7,5.5,5,4.5,4.3,4.2,3.7,3.2,3.2,3.2,3.2,3.2
1/8/2021,3.2,3.2,3.3,3.2,3.3,3.2,3.2,3.3,3.2,3.2,3.2,3.3,3.2,3.2,3.5,3.5,3.5,3.8,3.8,3.4,3.2,3.1,3.1,3.1,3.1,3,3.1,3.1,4.9,5.5,5.5,5.3,4.6,4.5,4.2,3.4,3.4,3.3,3.4,3.2,3.2,3.2,3.2,3.2,3.2,3.2,3.2,3.2
1/9/2021,3.2,3.2,3.2,3.2,3.2,3.2,3.2,3.2,3.2,3.3,3.2,3.3,3.3,3.4,3.4,3.2,3,2.6,2.6,2.7,2.7,2.7,2.7,2.7,2.7,2.7,2.7,2.7,2.7,2.8,2.7,2.7,2.7,3.1,3.3,3.3,3.3,3.3,3.3,3.3,3.3,3.3,3.3,3.3,3.3,3.3,3.3,3.3
1/10/2021,3.3,3.3,3.3,3.3,3.3,3.3,3.3,3.3,3.2,3.3,3.3,3.3,3.3,3.3,3.3,3.3,3.3,2.9,2.7,2.7,2.7,2.7,2.7,2.7,2.7,2.7,2.7,2.7,2.7,2.8,2.9,2.8,2.8,3.3,3.3,3.3,3.2,3.3,3.3,3.3,3.3,3.3,3.3,3.2,3.3,3.3,3.3,3.3
1/11/2021,3.3,3.3,3.3,3.3,3.3,3.3,3.3,3.3,3.3,3.3,3.3,3.4,3.5,3.7,3.5,3.5,3.7,3.9,4.2,4.3,4.3,4.8,4.5,4.4,4.4,3.9,3.7,3.9,4.6,4.4,6.7,7,6.2,5.3,4.8,4.6,3.8,3.7,3.8,3.8,3.8,3.8,3.8,3.7,3.7,3.7,3.7,3.7
1/12/2021,3.7,3.7,3.8,3.7,3.7,3.8,3.8,3.7,3.7,3.6,3.7,3.7,3.6,3.7,3.9,3.8,4.2,3.6,3.5,3.5,3.5,3.6,3.5,3.5,3.5,3.5,3.6,3.5,3.6,3.6,4.2,3.7,3.8,4.2,3.9,3.9,3.7,3.6,3.7,3.6,3.6,3.7,3.6,3.6,3.6,3.6,3.6,3.6
1/13/2021,3.6,3.6,3.7,3.7,3.7,3.7,3.7,3.8,3.6,3.7,3.7,3.6,3.7,3.7,3.8,4.1,4.3,3.8,3.5,3.5,3.4,3.5,3.5,3.5,3.4,3.5,3.5,3.5,3.5,3.7,4.7,6,5.8,6.1,5.7,6,5.7,5.3,4.6,4.4,4.3,4.2,3.2,3.3,3.3,3.4,3.3,3.4
1/14/2021,3.3,3.5,3.3,3.3,3.4,3.4,3.4,3.8,3.7,3.2,3.4,3.6,3.5,3.5,4.1,3.5,4.3,3.5,3.3,3.8,3.7,3.6,3.3,3.8,3.3,3.9,3.9,3.8,3.7,3.2,3.7,3.7,4.3,4.3,5.2,6.4,6.5,6.3,6.6,6.2,5.2,4.9,4.8,4.3,3.8,3.8,3.8,3.9
1/15/2021,3.8,3.8,3.8,3.8,3.9,3.9,3.8,3.8,3.9,3.8,3.8,3.8,3.8,3.8,4.1,4,3.8,3.7,3.8,3.7,3.7,3.8,3.8,3.8,3.9,3.9,3.9,3.8,3.8,4,3.9,3.8,3.9,4.3,4.3,4.2,4.1,4,3.4,3.4,3.4,3.3,3.5,3.5,3.3,3.4,3.6,3.8
1/16/2021,3.8,3.9,3.9,3.9,3.9,3.8,3.9,3.9,3.9,3.9,3.3,3.5,3.3,3.4,3.8,3.2,3.7,2.6,2.7,3.2,3.2,2.6,2.8,2.7,2.8,2.7,2.8,2.8,2.9,2.7,3.2,2.7,3.3,3.7,4,4,3.9,3.9,3.8,3.2,3.3,3.5,3.2,3.3,3.4,3.3,3.2,3.3
1/17/2021,3.3,3.4,3.3,3.4,3.3,3.4,3.4,3.4,3.8,3.8,3.7,3.2,3.3,3.4,3.4,3.4,2.8,2.7,2.7,3,2.8,2.8,2.9,2.8,2.7,2.9,2.8,2.9,2.7,3.2,2.7,2.8,3,3.4,3.8,3.3,3.5,3.5,3.3,3.5,3.5,3.4,3.3,3.5,3.4,3.4,3.3,3.3
1/18/2021,3.4,3.4,3.4,3.4,3.4,3.4,3.4,3.4,3.4,3.4,3.5,3.4,3.4,3.3,3.6,3.7,3.4,3,3.9,4.3,4.1,6.1,6,6,3.9,3.7,3.6,3.7,6.1,6.2,5.7,6,6,6.5,5.9,5.3,4.7,4.9,4.6,3.9,3.8,3.8,3.8,3.8,3.8,3.9,3.8,3.9
1/19/2021,3.8,3.9,3.8,3.9,3.8,3.9,3.9,3.8,3.8,3.9,3.8,3.8,3.8,3.8,4.1,4,4.1,3.5,3.9,3.8,3.2,3.2,3.1,3.2,3.4,3.2,3.5,3.4,3.5,3.3,3.3,3.5,3.5,4,3.7,3.7,3.6,3.5,3.3,3.5,3.4,3.4,3.3,3.4,3.4,3.4,3.4,3.3
1/20/2021,3.4,3.4,3.4,3.4,3.4,3.3,3.4,3.4,3.4,3.3,3.3,3.4,3.4,3.4,3.7,3.5,3.6,3.4,3.7,3.8,3.7,3.5,4.2,4.1,4,3.4,3.6,3.2,3.3,3.4,3.6,4.2,4.5,4.1,4.1,3.6,3.8,3.9,3.8,3.8,3.8,3.9,3.9,3.9,3.8,3.8,3.9,3.8
1/21/2021,3.9,3.9,3.8,3.8,3.8,3.8,3.9,3.8,3.8,3.8,3.8,3.9,3.9,4,4.1,4.1,3.3,3.2,3.3,3.4,3.2,3.3,3.3,3.2,4.6,5.8,5.9,5.6,5.6,3.6,5.6,5.7,5.6,5.5,5.6,4.9,5.1,4.7,3.9,3.8,5.4,4.9,4,3.9,3.9,3.9,3.9,3.8
1/22/2021,3.9,3.8,3.9,3.9,3.8,3.8,3.8,3.8,3.9,3.9,3.8,3.9,3.9,3.9,4.1,4,3.6,3.4,3.4,3,2.9,2.8,3,3,3,3,2.9,3,4,4.3,3.5,4,3.5,3.6,3.8,3.6,3.5,3.5,3.5,3.5,3.9,3.9,3.6,3.5,3.5,3.7,3.9,3.9
1/23/2021,3.9,3.9,3.9,4,4,4,3.9,3.9,3.9,3.9,4,4,3.9,3.9,3.9,3.9,3.8,3.4,3.4,3.5,3.4,3.4,3.4,3.4,3.5,3.4,3.4,3.4,3.4,3.6,3.5,3.4,3.4,3.5,4,4,4,3.9,3.9,3.9,3.9,3.9,4,3.9,3.9,3.9,3.9,3.9
1/24/2021,3.9,3.9,3.9,3.9,3.9,3.9,3.9,3.9,4,3.9,3.9,3.9,3.9,3.8,3.8,3.9,3.9,3.4,3.3,3.3,3.3,3.3,3.3,3.3,3.3,3.3,3.3,3.3,3.3,3.3,3.3,3.3,3.3,3.4,3.9,4.1,3.9,3.9,3.9,3.8,3.8,3.9,3.8,3.8,3.9,3.9,3.8,3.8
1/25/2021,3.8,3.8,3.8,3.8,3.8,3.8,3.9,3.8,3.8,3.8,3.8,3.8,3.9,3.8,4.1,4.1,3.9,3.7,6,5.7,5.7,4.8,3.9,4,3.7,3.5,3.6,3.6,3.5,3.3,4,5.7,5.9,6,5.7,5.2,5,4.9,4.5,3.9,4.1,4,4,3.9,3.9,3.9,4,3.9
1/26/2021,4,3.9,4,3.9,3.9,3.9,4,3.9,3.9,4,4,3.9,4,3.9,4.1,4.3,4.1,3.4,3.6,3.5,3.3,3.3,3.1,3.4,3.5,3.4,3.2,3.4,3.5,3.7,3.7,3.8,3.8,4.2,4.2,4.1,4,3.9,3.9,3.9,3.9,3.9,3.9,3.9,3.9,3.9,4,4
1/27/2021,3.9,3.9,3.9,3.9,3.9,3.9,3.9,3.9,3.9,3.9,3.9,3.9,3.9,3.9,4.1,4,4.2,3.9,3.8,3.9,3.8,3.6,3.7,3.8,4.1,4.2,4,3.8,3.8,3.8,5.3,6.1,6.2,6.4,6.2,5.5,4.8,4.7,4.2,3.7,3.9,3.9,3.9,3.9,3.9,3.9,3.8,3.9
1/28/2021,3.9,3.2,3.4,3.4,3.4,3.4,3.4,3.3,3.3,3.3,3.4,3.4,3.7,3.3,3.8,3.4,3.3,3.4,3.1,3.2,3.2,3.3,3.4,3.4,3.1,3.2,3.7,3.8,3.4,3.8,4.3,5.9,5.8,6.3,6.1,5.4,5.1,4.9,4.3,3.6,3.5,3.9,4,3.9,3.8,3.9,3.8,3.8
1/29/2021,3.9,3.8,3.8,3.9,3.8,3.8,3.9,3.8,3.9,3.8,3.9,3.9,3.9,3.8,4.1,3.9,3.7,3.7,3.7,3.7,3.2,3.6,3.5,3.3,3.5,3.7,4.4,4.9,4.3,3.8,4.1,3.4,3.7,4.2,3.7,3.6,3.9,3.8,3.8,3.8,3.9,3.8,3.8,3.9,3.9,3.8,3.8,3.8
1/30/2021,3.8,3.9,3.8,3.8,3.8,3.8,3.9,3.8,3.9,3.9,3.8,3.8,3.9,3.9,3.9,3.9,4.1,3.4,3.4,3.4,3.3,3.4,3.3,3.4,3.4,3.4,3.4,3.3,3.3,3.5,3.4,3.3,3.5,3.4,3.7,3.8,3.9,3.8,3.8,3.8,3.8,3.9,3.9,3.8,3.9,3.9,3.9,3.8
1/31/2021,3.9,3.8,3.8,3.8,3.8,3.8,3.8,3.8,3.8,3.8,3.8,3.9,3.9,3.9,3.9,3.8,3.4,3.3,3.3,3.3,3.4,3.5,3.3,3.3,3.4,3.4,3.3,3.3,3.4,3.3,3.3,3.3,3.3,3.3,4,3.9,3.8,3.8,3.8,3.8,3.8,4,4.1,4,4,3.9,4,4
2/1/2021,4,3.9,3.8,3.9,3.9,3.8,3.8,3.9,3.9,3.9,3.9,3.8,3.8,3.8,4.2,3.9,3.5,3.5,3.7,3.9,4.3,5.1,5,4.9,4.9,5,4.8,4.7,4.8,4.8,4.7,3.4,3.6,3.8,4.2,5.1,4.6,4,4,4,3.9,3.9,3.9,3.9,4.9,4.4,3.8,3.8
2/2/2021,3.8,4.6,4.4,3.8,3.8,3.9,3.8,4.6,4.1,3.8,3.8,3.8,3.8,3.9,5.1,5.2,5.2,5.5,6,6.6,6,6,6.2,6.2,6,5.5,5.5,5.3,6.5,6.8,7.1,8.9,8.7,8.6,8.1,8,7.9,7.5,7,5,4.5,4.3,4.4,4.4,4.3,4.3,4.4,4.4
2/3/2021,5.9,6.2,5.4,4.8,4.6,4.5,4.5,4.4,4.4,4.4,4.4,4.4,4.4,4.4,5.6,5.7,5.3,5.1,5.1,4.8,5.3,5.4,5.5,5.2,5.4,4.8,5,4.4,4.5,5.2,4.5,3.9,3.5,3.6,3.9,3.8,3.8,4.1,4.1,4,3.9,3.9,3.9,3.9,4,3.9,3.9,4
2/4/2021,4.1,3.9,3.9,3.9,3.9,3.9,4,3.9,3.9,3.9,3.9,4,3.9,3.9,4.8,4.7,4.7,5.6,5.5,5.5,5.6,5.6,5.5,5.4,5.3,5.4,5.7,5.4,5.5,6,7.8,6.7,6.9,6.4,5.8,5.5,5.3,5.6,5.2,4.4,4.3,4.3,4.3,4.3,4.3,4.3,4.3,4.3
2/5/2021,4.3,4.3,4.3,4.3,4.3,4.3,4.3,4.3,4.3,4.3,4.3,4.3,4.3,4.3,5.8,5.4,5.1,5.7,5.1,5.2,4.8,4.1,4.1,3.9,4.4,4.4,4.2,4,4.2,3.9,4.1,3.9,3.8,3.8,4.1,4,3.9,3.9,4,4.4,4.4,4.4,4.4,4.1,4.1,3.9,3.9,3.9
2/6/2021,4.1,4.4,4.1,4.3,4.2,4.1,4,4,4.1,4,3.9,3.9,4,3.9,3.9,4,3.4,3.3,3.3,3.2,3.2,3.3,3.3,3.2,3.2,3.2,3.3,3.2,3.2,3.2,3.2,3.2,3.3,3.4,3.8,3.8,3.8,3.8,3.8,3.8,3.8,3.9,3.8,3.8,3.8,3.8,3.8,3.8
2/7/2021,3.7,3.8,3.8,3.9,3.7,3.8,3.8,3.8,3.8,3.8,3.7,3.8,3.7,3.8,3.8,3.8,3.3,3.2,3.2,3.3,3.2,3.3,3.2,3.2,3.2,3.3,3.2,5,5.7,5.7,5.7,5.8,5.8,5.6,5.6,5.1,5,4.9,4.8,3.8,3.7,3.9,3.8,3.9,3.8,3.7,3.7,3.8
2/8/2021,3.8,3.8,3.8,3.9,3.8,3.8,3.8,3.8,3.8,3.8,3.8,3.8,3.8,3.8,4.1,3.9,3.6,3.8,3.7,3.6,3.5,3.4,3.5,3.5,3.8,3.7,3.8,3.7,3.7,3.7,3.7,3.7,3.7,3.9,4,4.1,3.9,3.8,4.2,4,4.3,4,3.8,4.1,4.2,3.8,4,3.9
2/9/2021,4.5,3.9,3.8,4.2,3.8,4.3,4.4,4.3,4.3,4.3,4.3,4.3,4.3,4.3,4.5,4.1,4.1,4.1,3.9,3.6,3.7,3.8,3.8,3.4,3.5,3.5,3.5,4.8,5.9,5.9,5.9,6,5.6,5.4,4.9,4.8,4.6,4.2,3.7,4.1,3.9,4.1,3.9,3.9,4,4,3.9,3.9
2/10/2021,3.9,3.9,3.9,3.9,4,3.9,3.9,4,3.9,3.9,3.9,3.9,3.9,3.9,4.2,3.6,3.6,3.8,3.9,3.6,4,4.1,4.2,4,3.8,3.4,3.3,3.2,3.3,3.4,5.2,5.6,5.6,5.7,5.5,5.2,4.6,4.5,4.3,3.4,3.2,3.3,3.3,3.3,3.3,3.3,3.2,3.3
2/11/2021,3.3,3.2,3.2,3.3,3.3,3.3,3.3,3.3,3.3,3.3,3.2,3.3,3.3,3.2,3.6,3,2.9,3.1,3.1,3.1,3,3,3.7,4,3,3,4.1,3,3.3,3.2,3.2,3.1,3.2,3.2,3.2,3.7,3.4,3.3,3.3,3.3,3.2,3.4,3.3,3.4,3.3,3.3,3.3,3.3
2/12/2021,3.5,3.3,3.3,3.4,3.3,3.3,3.3,3.3,3.3,3.3,3.2,3.3,3.3,3.4,3.5,3.4,3.1,3.2,3,3.1,3.3,3.4,4.7,4.4,3.2,3.2,3.2,3.3,3.2,5.5,5.6,5.6,5.7,5.6,5.4,5.4,4.7,4.5,4.4,4,3.3,3.4,3.4,3.4,3.4,3.4,3.4,3.4
2/13/2021,3.4,3.4,3.4,3.4,3.4,3.4,3.4,3.4,3.4,3.4,3.4,3.4,3.4,3.4,3.4,2.9,2.8,2.9,3,3.8,2.9,2.9,3.9,2.8,2.8,2.8,2.8,2.8,2.8,2.8,2.8,2.7,2.9,4.2,4.1,3.4,3.4,3.4,3.4,3.4,3.4,3.4,3.4,3.4,3.4,3.4,3.4,3.4
2/14/2021,3.4,3.4,3.3,3.4,3.3,3.4,3.3,3.4,3.4,3.4,3.4,3.4,3.4,3.4,3.4,3.3,2.8,2.8,2.8,2.8,2.8,2.8,2.8,2.8,2.8,2.8,2.7,2.8,3.1,3.3,3.8,2.8,2.8,2.9,2.9,3.4,3.4,3.4,3.3,3.3,3.3,3.3,3.3,3.3,3.3,3.3,3.3,3.3
2/15/2021,3.3,3.3,3.3,3.3,3.3,3.3,3.2,3.3,3.3,3.3,3.2,3.3,3.3,3.3,3.5,3.1,2.8,2.9,3.1,3.2,3.1,3,3.1,3.1,3.1,3,3.2,3.2,3.4,3.5,3.4,5.8,5.5,3.2,4.4,6,4.7,5.7,5.8,5.7,5.3,4.6,4.3,4.2,4.2,3.2,3.3,3.3
2/16/2021,3.3,3.3,3.3,3.3,3.3,3.3,3.2,3.3,3.3,3.3,3.3,3.3,3.2,3.2,3.5,3.3,3.1,3.1,3.3,3.4,3.5,3.4,3.3,3.4,3.5,3.5,3.6,3.4,3.5,3.5,3.3,3.3,3.4,3.2,3.1,3.3,3.3,3.3,3.3,3.3,3.2,3.3,3.3,3.3,3.3,3.2,3.2,3.3
2/17/2021,3.3,3.3,3.2,3.2,3.3,3.2,3.3,3.3,3.3,3.3,3.3,3.3,3.2,3.3,3.5,2.9,2.9,2.9,3.2,5.6,5.5,5.6,5.6,5.3,4.7,4.4,4.3,3.9,3.3,3.3,3.3,3.3,4.4,4.1,3.2,3.3,3.3,3.3,3.3,3.3,3.4,3.2,3.3,3.3,3.3,3.2,3.3,3.3
2/18/2021,3.3,3.2,3.3,3.3,3.3,3.2,3.3,3.3,3.3,3.3,3.3,3.3,3.3,3.3,3.5,3.1,2.8,3.1,3.1,3,3.1,3,3.2,3.1,3,3.1,3.2,3.1,3,3.2,3.2,3.2,3.1,3.1,2.9,3.1,3.3,3.2,3.3,3.2,3.2,3.2,3.2,3.3,3.3,3.2,3.3,3.3
2/19/2021,3.2,3.2,3.2,3.2,3.2,3.2,3.2,3.2,3.2,3.3,3.3,3.2,3.2,3.3,3.4,3,2.9,3,3,3,3,3.1,3.1,3.1,3.1,3.1,3.3,3.7,5.6,5.7,5.6,5.6,5.6,5.8,5.8,5.4,4.7,4.4,4.4,4,3.3,3.3,3.3,3.3,3.3,3.3,3.3,3.3
2/20/2021,3.3,3.4,3.3,3.3,3.3,3.3,3.5,3.3,3.3,3.3,3.3,3.3,3.3,3.3,3.3,3,2.7,2.8,2.7,2.7,2.8,2.7,2.7,2.7,2.7,2.7,2.7,2.7,2.7,2.9,2.8,2.7,2.7,2.7,2.7,3.2,3.4,3.3,3.3,3.3,3.3,3.3,3.3,3.3,3.3,3.3,3.3,3.3
2/21/2021,3.3,3.3,3.3,3.3,3.3,3.3,3.2,3.3,3.3,3.3,3.3,3.3,3.3,3.3,3.1,2.9,2.7,2.7,2.7,2.7,2.6,2.6,2.6,2.6,2.6,2.6,2.6,2.6,2.6,2.6,2.8,2.6,2.6,2.6,2.6,3.1,3.1,3.2,3.1,3.2,3.2,3.2,3.2,3.2,3.2,3.2,3.2,3.2
2/22/2021,3.3,3.2,3.2,3.2,3.2,3.2,3.2,3.2,3.2,3.2,3.2,3.2,3.2,3.2,3.5,3.1,2.9,3.2,3.2,3.1,3.1,3.1,3.1,3,3,2.9,4.3,5.5,5.6,5.6,5.4,5,4.2,4.1,4,3.3,3.4,3.4,3.4,3.3,3.2,3.2,3.2,3.2,3.2,3.2,3.2,3.2
2/23/2021,3.2,3.2,3.2,3.2,3.2,3.2,3.2,3.3,3.2,3.2,3.2,3.2,3.2,3.2,3.2,2.9,3.1,3.1,3.1,3.1,3,3,3,3.1,3,3.1,3.3,3.1,3.2,3.3,3.1,3.3,5.6,5.5,5.5,5.9,5.9,5.6,4.9,4.4,4.3,4.3,3.2,3.2,3.2,3.2,3.2,3.3
2/24/2021,3.2,3.2,3.2,3.2,3.2,3.2,3.2,3.2,3.2,3.2,3.2,3.2,3.2,3.2,3.5,3.1,2.9,3.1,3.2,3.1,3.2,3.3,3.2,3.3,3.3,3.3,3.3,3.3,3.2,3.5,3.3,3.4,3.4,3.3,3,3.3,3.2,3.2,3.2,3.2,3.2,3.2,3.2,3.2,3.2,3.2,3.3,3.2
2/25/2021,3.2,3.2,3.3,3.2,3.2,3.2,3.2,3.3,3.2,3.2,3.2,3.3,3.2,3.2,3.1,2.9,2.8,3,3.1,3.1,3,3.1,3.1,3.1,3,0,0,0,0.2,2.1,2.5,3.2,2.9,2.8,2.9,2.8,3.3,3.2,3.1,3.1,3.1,3.1,3.1,3.1,3.1,3.1,3.1,3.1
2/26/2021,3.1,3.1,3,3.1,3,3,3,3.1,3.1,3.1,3.1,3.1,3.1,3,2.7,2.8,2.9,3.3,3.7,3.1,5.2,5.3,3.7,2.8,2.8,2.9,2.9,2.9,3,3,3,3,2.9,2.8,2.8,2.7,3,3,3.1,3.1,3.1,3,3.1,3,3.1,3,3,3
2/27/2021,3.3,5.4,5.4,5.5,5.5,5.5,5.3,4.7,4.2,4.1,4.1,3.3,3,3,2.5,2.6,2.6,2.6,2.5,2.7,2.6,2.6,2.5,2.6,2.6,2.6,2.6,3,3.5,2.8,2.8,2.6,2.6,2.6,2.6,2.6,3.1,3.2,3.2,3.2,3.2,3.1,3.2,3.2,3.2,3.1,3.2,3.1
2/28/2021,3.2,3.1,3.1,3.1,3.2,3.1,3.1,3,3.1,3.1,3.1,3,3.1,3,2.5,2.4,2.5,2.6,2.6,2.6,2.6,2.5,2.5,2.6,2.6,2.5,2.5,2.5,2.7,4.9,4.9,5,5.1,5,4.4,3.8,4.1,4.1,3.2,3.1,3.1,3.1,3.3,3.4,3.3,3.2,3.2,3.3
3/1/2021,3.2,3.2,3.1,3.1,3.1,3.1,3.1,3.1,3.1,3.1,3.1,3.1,3.1,3,2.8,2.7,2.7,2.9,3,3.1,3,3.1,3.2,3.3,3.2,3.1,3.2,3.1,3.3,3.2,4.6,5.7,5.5,5.5,5.3,5.1,5.5,5.4,3.8,3.2,3.2,3.2,3.2,3.2,3.2,3.2,3.3,3.2
3/2/2021,3.2,3.2,3.2,3.2,3.2,3.2,3.2,3.2,3.2,3.2,3.2,3.2,3.2,3.2,3.2,3,5.1,5.5,5.6,5.6,6,3.9,3.2,3.3,3.1,3.1,3.2,3.4,4,5.7,5.7,6,5.9,5.7,5,4.2,4.4,4.4,4.5,3.7,3.2,3.2,3.3,3.3,3.2,3.2,3.2,3.2
3/3/2021,3.2,3.2,3.2,3.2,3.2,3.2,3.2,3.2,3.2,3.2,3.3,3.2,3.2,3.2,3.2,2.9,2.9,3,3.2,3.3,3.2,3.2,3.2,3.3,3.2,3.2,3.1,3.1,3.2,3.2,3.1,3.1,3.2,3.1,4.5,5.8,5.3,3.6,5.9,5.2,3.3,5,5.7,5.7,5.7,5.3,4.5,4.4
3/4/2021,4.3,3.2,3.2,3.2,3.2,3.2,3.2,3.2,3.2,3.2,3.2,3.2,3.2,3.2,3.1,2.8,2.9,2.8,3.3,5.5,3.5,3.1,2.9,2.9,2.9,3,2.9,3.2,3,3.2,4.2,5.5,5.5,5.4,2.8,3.3,5.3,5.9,5.9,5.6,4.8,3.8,3.2,3.3,3.3,3.3,3.3,3.3
3/5/2021,3.3,3.3,3.2,3.3,3.2,3.3,3.2,3.3,3.3,3.3,3.3,3.3,3.2,3.3,3.2,3.1,2.9,2.9,3,3,2.9,3,2.9,2.9,3,3,3.2,3.1,3.1,4.9,5.5,5.5,5.4,3.6,2.8,2.6,3.1,3.2,3.2,3.2,3.2,3.2,3.3,3.2,3.2,3.2,3.2,3.2
3/6/2021,3.2,3.2,3.2,3.2,3.3,3.2,3.2,3.2,3.2,3.2,3.2,3.2,3.2,3.2,2.7,2.6,2.6,2.6,2.6,2.8,2.8,2.7,2.7,2.7,2.7,2.7,2.7,2.7,2.7,2.7,2.7,2.8,2.8,2.7,2.7,2.7,3,3.3,3.3,3.3,3.3,3.3,3.3,3.3,3.3,3.3,3.3,3.3
3/7/2021,3.4,3.3,3.3,3.3,3.3,3.3,3.4,3.3,3.3,3.2,3.2,3.2,3.3,3.2,2.7,2.6,2.6,2.7,3,3.1,3,3,3,3.1,3,3,3.1,3.1,3.1,3,3.1,3,3,3,2.9,2.7,3,3.3,3.2,3.2,3.2,3.2,3.3,3.3,3.2,3.2,3.2,3.2
3/8/2021,3.3,3.2,3.3,3.2,3.2,3.1,3.1,3.1,3.1,3.1,3.1,3.1,3.2,3,2.8,2.7,3,3.1,3,3.1,3,3.2,3.2,3.2,3.1,3.1,3.1,3.2,3.1,3.2,3.5,5.7,5.6,5.6,5.1,4.7,4.4,4.4,4.2,4.2,3.8,3.2,3.1,3.1,3.1,3.1,3.2,3.1
3/9/2021,3.1,3.1,3.1,3.1,3.1,3.1,3.1,3.1,3.2,3.1,3.1,3.1,3.1,3,2.9,2.7,3,3.1,3,3.1,3.1,3.2,3.2,3.2,3.1,3,3.2,3.3,3.1,3.4,5.6,5.8,5.6,4.7,3.9,4.1,3.6,3.3,3.3,3.3,3.3,3.3,3.4,3.3,3.3,3.3,3.3,3.3
3/10/2021,3.3,3.3,3.3,3.3,3.3,3.3,3.3,3.3,3.3,3.3,3.3,3.3,3.4,3.3,2.9,3,3,3.2,3.2,3.7,3.4,3.5,3.7,3.5,3.2,3.3,3.3,3.2,3.2,3.4,5.6,5.5,5.2,4.3,3.6,3.7,3.3,3.6,3.5,3.4,3.4,3.4,3.4,3.4,3.3,3.4,3.4,3.4
3/11/2021,3.4,3.4,3.4,3.4,3.3,3.4,3.4,3.4,3.3,3.4,3.4,3.4,3.3,3.2,3,2.9,3,3.2,3.1,3.2,3.1,3.1,3.1,3.2,3.2,3.1,3.1,3.2,3.2,3.2,3.4,3.3,3.4,3.2,3.1,3,3.3,3.4,3.3,3.3,3.3,3.3,4.1,5.2,4.1,3.5,3.9,3.3
3/12/2021,3.4,3.3,3.3,3.3,3.3,3.3,3.3,3.3,3.3,3.3,3.3,3.3,3.3,3.3,3.1,2.9,3.1,3,3,3,3,3,3,3.1,3.1,3,3,3.1,3,3,3,3.2,3.3,3.3,3,2.8,3.2,3.3,3.3,3.4,3.3,3.3,3.3,3.3,3.3,3.3,3.3,3.4
3/13/2021,3.3,3.4,3.4,3.3,3.4,3.3,3.3,3.4,3.4,3.4,3.4,3.3,3.3,3.2,2.8,2.7,2.7,3.3,5.2,5.2,5.2,5.2,5.3,5,4.3,3.6,2.8,2.8,2.8,2.7,2.8,2.8,2.8,2.8,2.7,2.8,2.9,3.4,3.4,3.4,3.3,3.4,3.4,3.4,3.3,3.3,3.4,3.4
3/14/2021,3.3,3.4,3.3,3.4,3.4,3.3,3.3,3.3,3.4,3.4,3.3,3.4,3.3,2.9,2.8,2.8,2.7,2.8,2.7,2.8,2.7,2.8,2.7,2.8,2.7,2.7,2.7,2.7,2.8,2.9,2.7,2.8,2.7,2.8,2.8,2.7,3.2,3.3,3.3,3.3,3.3,3.3,3.3,3.3,3.3,3.3,3.4,3.3
3/15/2021,3.3,3.4,3.3,3.3,3.3,3.3,3.3,3.3,3.3,3.3,3.3,3.4,3.3,2.8,2.9,2.9,2.8,2.9,3.2,3.3,3.3,3.3,3.2,3.1,3.1,3.1,3.1,3.1,3.3,3.5,3.5,3.5,5.8,5,5.3,5.2,5.4,5.8,5.8,5.7,5.3,4.8,4.5,4.5,4.4,3.5,3.3,3.3
3/16/2021,3.3,3.3,3.3,3.3,3.3,3.3,3.3,3.3,3.3,3.3,3.3,3.3,3.3,2.9,3,2.9,3,3,3.2,3.3,3.2,3.2,3.3,3.3,3.3,3.3,3.6,3.5,3.6,3.4,4.1,5.9,5.9,6,5.9,5.6,4.8,4.6,4.5,3.9,3.3,3.4,3.3,3.4,3.3,3.4,3.3,3.3
3/17/2021,3.4,3.4,3.3,3.3,3.3,3.3,3.3,3.4,3.3,3.3,3.3,3.3,3.3,2.7,3,2.9,3,3.1,3.4,3.6,5.6,5.7,3.3,3.4,3.3,3.5,3.4,3.4,3.8,3.3,3.3,4.3,5.6,5.6,5.2,5.2,5.2,5.7,5.9,5.7,5.2,3.8,3.3,3.3,3.3,3.3,3.3,3.3
3/18/2021,3.3,3.3,3.3,3.3,3.3,3.3,3.3,3.3,3.3,3.3,3.3,3.3,3.3,3.2,3,2.9,3,2.9,3.2,3.3,3.3,3.3,3.2,3.1,3.1,3.1,3.2,3.3,3.2,3.2,3.3,3.4,3.6,3.3,3.1,3.1,2.8,3.3,3.4,3.4,3.4,3.4,3.4,3.4,3.4,3.4,3.4,3.4
3/19/2021,3.4,3.4,3.4,3.4,3.4,3.4,3.4,3.4,3.4,3.4,3.4,3.4,3.4,2.9,3.1,3,3.1,3.1,3.4,5.6,5.8,5.9,5.8,5.8,3.2,3.2,3.2,3.2,4.6,5,5.6,5.6,5.6,5.3,4.7,4.3,4.6,4.6,3.4,3.4,3.4,3.4,3.4,3.4,3.3,3.4,3.4,3.4
3/20/2021,3.4,3.4,3.4,3.4,3.4,3.4,3.4,3.3,3.4,3.4,3.4,3.3,3.4,2.9,2.8,2.7,2.8,2.9,2.8,2.9,2.8,2.8,2.9,2.8,2.8,2.8,2.9,2.9,2.8,2.8,2.9,2.8,3,2.8,2.9,2.8,3.1,3.4,3.4,3.4,3.4,3.4,3.4,3.4,3.5,3.4,3.4,3.4
3/21/2021,3.4,3.4,3.4,3.4,3.4,3.4,3.4,3.4,3.4,3.5,3.5,3.4,3.3,2.8,2.8,2.9,2.8,2.8,2.8,2.8,2.8,2.8,2.8,2.8,2.9,2.8,2.8,2.8,2.9,2.8,2.9,2.8,2.8,2.9,2.9,2.9,2.9,3.3,3.5,3.5,3.5,3.5,3.5,3.5,3.5,3.4,3.5,3.5
3/22/2021,3.5,3.5,3.5,3.4,3.5,3.4,3.5,3.5,3.5,3.5,3.4,3.5,3.3,2.9,3.1,3.1,3,3.1,3.1,3.2,3.4,3.4,3.1,3.6,3.5,3.4,3.4,3.5,4.1,5.7,5.9,5.9,5.8,5.5,4.7,4.3,4.2,4.3,3.6,3.5,3.5,3.5,3.6,3.5,3.5,3.5,3.5,3.5
3/23/2021,3.8,3.5,3.5,3.5,3.5,3.6,3.6,3.6,3.5,3.6,3.6,3.5,3.6,3,3.1,3.1,3.2,3.4,3.4,3.3,3.4,3.4,3.4,3.6,3.4,3.4,3.5,3.5,3.5,3.4,3.5,3.5,3.4,3.5,3.3,3.1,3,3.4,3.5,3.5,3.5,3.5,3.5,3.5,3.5,3.5,3.5,3.5
3/24/2021,3.5,3.5,3.5,3.5,3.5,3.5,3.5,3.5,3.4,3.4,3.4,3.4,3.2,2.8,3.1,3.1,3.1,5.4,3.5,5.3,5.8,5.9,4.9,3.5,3.6,3.7,3.7,3.5,3.5,4.5,5.9,5.7,3.4,3.2,3.1,3,2.9,4.9,5.9,6,5.8,5.2,3.6,3.6,3.6,3.6,3.6,3.6
3/25/2021,3.6,3.5,3.5,3.5,3.6,5.5,4.5,3.7,3.5,3.5,3.5,3.5,3,2.9,3.1,3,3.1,3.3,3.2,3.2,3.2,3.2,3.3,3.2,3.1,3.1,3.1,3.2,3.2,3.3,3.3,3.3,3.2,3.1,3.1,2.9,2.9,3.1,3.4,3.4,3.4,3.4,3.4,3.4,3.4,3.4,3.4,3.4
3/26/2021,4.4,5.8,5.9,5.9,5.8,5,4.6,4.5,4.5,3.8,3.5,3.4,3.1,2.9,3,3,3.1,3.2,3.1,3.1,3.1,3.1,3.3,3.4,3.4,3.2,3.1,3.1,3.1,3.1,3.2,3.2,3.2,3.1,3,2.8,2.8,3.1,3.3,3.3,3.3,3.4,3.4,3.3,3.3,3.4,3.4,3.3
3/27/2021,3.3,3.4,3.4,3.4,3.3,3.4,3.3,3.3,3.3,3.4,3.3,3.2,2.7,2.7,2.7,2.7,2.9,2.8,2.7,2.8,2.8,2.8,2.8,2.8,2.8,2.8,2.8,2.8,2.8,2.9,2.8,2.8,2.8,2.8,2.8,2.8,2.8,3.1,3.3,3.3,3.4,3.3,3.3,3.3,3.3,3.3,3.3,3.3
3/28/2021,3.3,3.4,3.3,3.3,3.3,3.3,3.3,3.3,3.4,3.3,3.3,3.3,3.1,2.8,2.8,2.8,2.8,2.8,2.8,2.8,2.8,2.8,2.8,2.8,2.8,2.8,2.8,2.8,2.8,2.8,2.8,2.8,2.9,2.9,2.8,2.7,2.8,3.3,3.4,3.4,3.4,3.3,3.3,3.3,3.3,3.3,3.3,3.3
3/29/2021,3.3,3.3,3.3,3.5,3.4,3.4,3.3,3.2,3.3,3.3,3.3,3.2,3,3,3.1,2.9,3.2,3.3,3.1,3.3,3.3,3.3,3.3,3.2,3.3,3.4,3.4,3.3,5.4,5.9,5.8,6.1,5.7,5.2,4.4,3.9,3.9,3.8,3.4,3.4,3.4,3.4,3.4,3.4,3.4,3.4,3.4,3.4
3/30/2021,3.4,3.5,3.4,3.4,3.4,3.4,3.4,3.4,3.4,3.4,3.4,3.1,3,3,2.9,2.9,3.2,3.2,3.3,3.2,3.3,3.3,3.1,3.1,3.3,3.4,3.3,3.2,3.3,3.2,3.2,3.3,3.1,2.9,2.9,2.9,2.8,3,3.4,3.5,3.5,3.5,3.4,3.5,3.4,3.5,3.5,3.5
3/31/2021,3.4,3.4,3.4,3.4,3.6,3.4,3.5,3.4,3.4,3.4,3.4,3.3,3.2,3.1,3.1,3.1,3.2,3.2,3.1,3.2,3.3,3.1,4.7,4.2,5.8,3.7,3.4,3.4,3.3,3.3,3.2,3.1,2.8,4.1,5.2,5.2,5.2,5.4,5.6,5,4.6,4.7,4.4,3.5,3.4,3.5,3.4,3.4
4/1/2021,3.4,3.4,3.4,3.5,3.4,3.4,3.4,3.4,3.4,3.4,3.4,3.3,3,2.9,2.9,2.9,3,3,3,3.2,3,2.9,2.9,2.9,3,3,3,3.1,3.1,3.3,3,2.8,2.8,2.9,2.8,2.8,2.8,2.8,3.3,3.3,3.4,3.4,3.4,3.4,3.4,3.4,3.4,3.4
4/2/2021,3.4,3.4,3.3,3.4,3.4,3.4,3.4,3.4,3.3,3.4,3.4,3,2.8,2.8,2.8,2.8,2.8,4.3,5.1,5.4,5.1,5.2,5.2,3.4,2.8,4.8,5.3,5,4.5,4.1,4,3.9,2.9,2.8,2.8,2.8,2.8,2.8,3.3,3.3,3.4,3.4,3.4,3.4,3.4,3.4,3.4,3.4
4/3/2021,3.4,3.4,3.4,3.4,3.4,3.4,3.4,3.4,3.4,3.4,3.3,3,2.8,2.9,2.8,2.8,2.8,2.8,2.8,2.8,2.8,2.8,2.8,2.8,2.8,2.8,2.8,2.8,2.8,5.1,5.3,4.5,3.8,3.8,3.1,2.8,2.8,2.8,3.2,3.4,3.4,3.4,3.4,3.4,3.4,3.4,3.4,3.4
4/4/2021,3.4,3.4,3.4,3.4,3.4,3.4,3.4,3.4,3.4,3.4,3.4,2.9,2.8,2.8,2.8,2.8,2.9,2.8,2.8,2.8,2.8,2.8,2.8,2.8,2.7,2.8,2.8,2.8,2.8,2.8,2.8,2.8,2.8,2.8,2.8,2.8,2.8,2.9,3.4,3.3,3.4,3.3,3.4,3.4,3.4,3.4,3.4,3.4
4/5/2021,3.4,3.4,3.4,3.4,3.4,3.4,3.4,3.4,3.3,3.4,3.4,3.1,2.8,2.8,2.8,2.8,2.8,2.8,2.7,2.8,2.8,2.8,2.8,2.8,2.8,2.8,2.7,2.7,2.7,2.7,2.7,2.7,2.7,2.7,2.7,2.7,2.7,2.7,3.1,3.3,3.3,3.3,3.3,3.3,3.3,3.3,3.3,3.3
4/6/2021,3.3,3.3,3.3,3.3,3.3,3.3,3.3,3.3,3.3,3.3,3.3,2.8,3,2.9,3.2,3.2,3.3,3.3,3.2,3.2,3.2,3.2,3.1,3.2,3.2,3.6,5.7,5.7,5.6,5.3,4.8,4.4,4.3,4.1,3.3,2.8,2.8,2.8,3.2,3.4,3.4,3.4,3.4,3.4,3.4,3.4,3.4,3.4
4/7/2021,3.4,3.4,3.4,3.4,3.4,3.4,3.4,3.4,3.4,3.4,3.4,3,2.9,3,3.1,3.1,3.4,3.4,3.2,3.3,3.3,3.3,3.2,4.1,3.2,3.3,3.2,3.2,3.3,3.1,3.1,3.2,3,2.9,2.8,2.8,2.8,3,3.4,3.4,3.4,3.4,3.4,3.4,3.4,3.4,3.4,3.4
4/8/2021,3.4,3.4,3.4,3.4,3.4,3.4,3.4,3.4,3.4,3.4,3.4,2.8,3,3,3.2,3.4,3.3,3.5,3.2,3.3,3.4,3.3,3.5,3.3,3.5,3.4,3.4,3.4,3.4,3.4,3.3,3.2,3.1,3,2.9,2.9,2.9,2.9,3.3,3.5,3.5,3.5,3.5,3.5,3.5,3.5,3.7,3.5
4/9/2021,3.5,3.5,3.5,3.5,3.5,3.5,3.5,3.5,3.5,3.5,3.5,3.2,3,2.9,3.2,3.2,3.2,3.2,3.1,3.1,3.2,3.7,5.5,3.4,3.1,3.1,5.4,5.3,5.4,5.4,5.4,5.7,5.5,5.5,5.1,4.4,4.1,4,4.1,3.9,3.4,3.4,3.4,3.4,3.4,3.4,3.4,3.4
4/10/2021,3.4,3.4,3.4,3.4,3.4,3.4,3.4,3.4,3.5,3.4,3.3,2.8,2.8,2.8,2.8,2.8,2.8,2.8,3,2.8,2.9,2.8,2.8,2.8,2.7,2.8,2.8,2.8,2.9,2.8,2.8,2.8,2.8,2.8,2.8,2.8,2.8,2.8,3.2,3.4,3.4,3.4,3.4,3.4,3.4,3.5,3.4,3.4
4/11/2021,3.4,3.4,3.4,3.4,3.4,3.4,3.4,3.4,3.4,3.4,3.2,2.8,3.2,3,2.8,2.8,2.8,2.8,2.8,2.8,3,2.9,2.9,2.9,2.9,2.9,2.9,2.8,2.8,2.8,2.8,2.8,2.8,2.8,2.7,2.7,2.7,2.7,3.1,3.3,3.3,3.3,3.3,3.3,3.3,3.3,3.3,3.3
4/12/2021,3.3,3.3,3.3,3.3,3.3,3.3,3.3,3.3,3.3,3.3,3,2.8,2.9,2.8,2.8,3.1,3.3,3.4,3.4,3.3,3.2,3.3,3.4,3.2,3.4,4.7,4.1,5.7,5.7,3.4,3.3,3.2,3.1,3,2.9,2.9,2.9,2.9,3.1,3.5,3.5,3.5,3.5,3.5,3.5,3.5,3.5,3.5
4/13/2021,3.5,3.5,3.5,3.5,3.5,3.5,3.5,3.5,3.5,3.5,3.2,2.9,3,3,3,4.7,5.8,5.7,4.4,3.4,3.2,3.1,3.2,3.3,3.2,3.2,3.4,3.3,3.6,5.3,4.4,6,5.7,5.5,4.9,2.9,2.8,2.8,2.9,3.1,3.1,3.1,3.1,3.1,3.1,3.1,3.1,3.1
4/14/2021,3.1,3.1,3.1,3.1,3.1,3.1,3.1,3.1,3.1,3.1,3,2.9,3.1,3.1,3,3.3,3.4,3.4,3.2,3.1,3.2,3.1,3.2,3.2,3.2,3.2,3.1,3.2,3.2,3.3,4.4,5.7,5.5,5.5,5.5,5.2,4.9,4.4,4.1,4.5,4.5,3.8,3.3,3.3,3.3,3.3,3.3,3.3
4/15/2021,3.3,3.3,3.3,3.3,3.3,3.3,3.3,3.3,3.3,3.3,2.9,2.7,2.8,3,3.1,3,3.1,3.2,3.5,3.3,3.2,3.1,3.1,3.1,3.2,3.2,3.1,3.1,3.1,3.1,3.3,3.2,3.1,3.1,3.1,3,2.8,2.8,2.9,3.4,3.4,3.4,3.4,3.4,3.4,3.4,3.5,3.4
4/16/2021,3.4,3.4,3.4,3.4,3.4,3.4,3.4,3.4,3.4,3.4,2.9,2.8,3.1,3.1,3.2,3.2,3,3.1,3,3.1,3,3,3.1,3.1,3.1,3,3,3,3,3,3,2.9,2.9,2.7,2.7,2.7,2.7,2.7,2.7,3.3,3.4,3.3,3.3,3.3,3.3,3.3,3.3,3.3
4/17/2021,3.3,3.3,3.3,3.3,3.3,3.3,3.4,3.3,3.3,3.3,2.8,2.7,2.8,2.7,2.9,2.7,2.7,3.3,5.1,5.1,5.2,5.2,5.2,5.2,4.9,3.1,2.7,2.7,2.7,2.7,2.7,2.7,2.7,2.8,2.7,2.8,2.7,2.7,2.7,3.3,3.3,3.3,3.3,3.3,3.3,3.3,3.3,3.3
4/18/2021,3.3,3.3,3.3,3.3,3.3,3.3,3.3,3.3,3.3,3.3,2.8,2.7,2.7,2.7,2.8,2.8,2.7,2.7,3.6,4.4,3.7,3.5,3,3.1,2.9,2.8,2.8,2.8,2.8,2.7,2.8,2.8,2.7,2.7,2.8,2.8,2.8,2.7,2.8,3.4,3.3,3.3,3.3,3.3,3.3,3.3,3.3,3.3
4/19/2021,3.3,3.3,3.3,3.3,3.3,3.4,3.3,3.3,3.3,3.3,2.7,2.8,2.9,3,3.1,3.1,3.1,3.1,3.1,3.1,3.1,3.1,3.1,3.2,3.2,3.2,3.2,3.1,3.1,3.2,3,3,2.9,2.7,2.7,2.7,2.7,2.7,2.7,3.3,3.3,3.3,3.3,3.3,3.3,3.3,3.3,3.3
4/20/2021,3.3,3.3,3.3,3.3,3.3,3.3,3.3,3.3,3.3,3.3,2.7,2.7,3,2.8,3.1,3.3,3.3,3.2,3.2,3.2,3.2,3.1,3.1,3.2,3.4,3.5,3.4,5.6,5.8,5.9,5.7,4.8,4.3,4.2,4.1,4,3,2.9,2.9,3.2,3.4,3.4,3.4,3.3,3.4,3.4,3.3,3.4
4/21/2021,3.3,3.4,3.3,3.3,3.3,3.3,3.3,3.4,3.4,3.3,2.8,2.8,3,3,3.2,3.1,3.4,3.4,3.3,3.3,3.2,3.1,3.1,3.1,3.3,3.7,5.8,5.8,5.7,5,4.3,4.3,3.5,3,3,3,2.8,2.8,2.8,3.1,3.4,3.4,3.3,3.4,3.3,3.4,3.4,3.4
4/22/2021,3.4,3.4,3.5,3.4,3.4,3.4,3.3,3.4,3.4,3.2,2.8,2.8,3,3,3.1,3.1,3.1,3.1,3.2,3.1,3.1,3.1,3.2,3.2,3.2,3.2,3.1,3.1,3.8,5.7,5.6,5.6,5.6,5.7,5.2,4.3,3.9,3.9,3,3,3.4,3.4,3.4,3.4,3.4,3.4,3.4,3.3
4/23/2021,3.4,3.4,3.4,3.3,3.5,3.4,3.4,3.4,3.4,3.3,2.8,2.9,3.2,3.4,3.3,3.3,3.3,3.2,3.3,3.2,3.2,3.2,3.2,3.2,3.2,3.2,3.2,3.1,3.2,3.2,3.1,3.1,3,3,2.8,2.8,2.7,2.7,2.7,3.2,3.3,3.3,3.3,3.3,3.3,3.4,3.4,3.4
4/24/2021,3.3,3.3,3.4,3.3,3.4,3.3,3.4,3.4,3.4,3.3,2.8,2.7,2.7,2.7,2.7,2.8,2.8,2.8,2.8,2.8,2.8,2.8,2.8,2.8,2.8,2.8,2.8,2.8,2.8,2.8,2.8,2.8,2.8,2.8,2.8,2.8,2.8,2.8,2.8,3.1,3.4,3.4,3.4,3.4,3.3,3.3,3.4,3.3
4/25/2021,3.3,3.3,3.4,3.3,3.3,3.3,3.3,3.3,3.3,3.2,2.8,2.7,2.8,2.8,2.7,2.8,2.7,2.7,2.8,2.7,2.7,2.8,2.7,2.7,2.7,2.7,2.8,2.7,2.7,2.7,2.8,2.7,2.7,2.8,2.8,2.8,2.8,2.8,2.8,2.9,3.3,3.3,3.3,3.3,3.3,3.3,3.3,3.3
4/26/2021,3.5,5.7,5.7,5.7,5.7,5.8,5.8,5.8,5.6,4.8,4,3.9,4.1,3.1,3.2,3.2,3.5,3.1,3.1,3.1,3.3,3.3,3.3,3.4,3.4,3.3,3.4,3.2,3.1,3.2,3.1,3,2.9,2.8,2.8,2.8,2.7,2.8,2.9,3.4,3.3,3.3,3.3,3.3,3.4,3.4,3.3,3.3
4/27/2021,3.3,3.3,3.3,3.3,3.4,3.3,3.3,3.3,3.4,3.3,2.9,2.8,3,2.9,2.9,3.2,3.1,3.3,3.2,3.2,3.2,3.3,3.2,5.4,3.5,3.5,3.4,3.4,5.9,5.9,5.8,5.7,5.6,5.7,5.7,5.4,4.9,4.3,4.3,4.1,4.6,3.7,3.5,3.5,3.5,3.5,3.5,3.4
4/28/2021,4.5,3.7,3.5,3.4,3.5,3.5,3.4,3.5,3.5,3.5,3.4,3.1,3.1,3.1,3.3,3.6,3.5,3.6,3.4,3.6,3.5,3.4,3.4,3.4,3.7,3.4,3.7,3.6,3.7,3.2,3.2,3.1,3.2,3.2,3.1,3.1,3.1,3.2,3,3.3,3.5,3.5,3.5,3.4,3.5,3.5,3.5,3.5
4/29/2021,3.5,3.4,3.5,3.4,3.5,3.5,3.4,3.5,3.5,3.1,2.9,2.9,3.1,3,3.3,3.3,3.3,3.1,3.1,3.2,3.2,3.1,3.1,3.2,3.4,3.5,3.4,3.2,4.5,5.3,5.5,5.5,5.4,5.1,4.5,4,3.9,3.6,2.7,2.9,3.3,3.4,3.4,3.4,3.4,3.4,3.4,3.4
4/30/2021,3.4,3.5,3.4,3.4,3.4,3.4,3.4,3.4,3.4,3,2.8,2.8,3,3,3,3.1,3.1,3.1,3.1,3.2,3.1,3.2,3.3,3.3,3.1,3.1,3.2,3.2,3,3.1,3.1,2.9,2.8,2.8,2.8,2.8,2.8,2.8,2.8,3,3.5,4.9,5.9,5.9,6,6,6,6
5/1/2021,5.7,4.9,4.7,4.7,3.8,3.6,3.5,3.5,3.5,3.1,2.9,2.9,2.8,2.9,2.9,2.8,2.8,2.8,3.1,2.8,2.9,2.9,2.9,2.9,3,2.9,2.9,2.9,2.9,2.9,2.9,2.9,2.9,3,3,3,2.9,2.9,2.9,2.9,3.6,3.5,3.5,3.5,3.5,3.5,3.5,3.5
5/2/2021,3.5,3.5,3.5,3.5,3.7,3.5,3.5,3.6,3.5,3.1,3,3,2.9,3,3,3,2.9,2.9,3,3,2.9,3,2.9,2.9,2.9,2.9,2.9,3,3,2.9,3,3,3,3,3.1,3.1,2.9,2.9,3,3.5,3.5,3.5,3.6,3.5,3.5,3.6,3.6,3.6
5/3/2021,3.5,3.6,3.6,3.6,3.6,3.6,3.6,3.5,3.6,3.3,3,3,3,3,3,3,3.1,3,3,3,3,3,3,3,2.9,4.1,4.8,3.9,3.4,3.4,3.4,3.1,3.1,3.1,3,3,3,3,3,3.4,3.6,3.6,3.5,3.5,3.6,3.6,3.5,3.5
5/4/2021,3.6,3.5,3.5,3.5,3.6,3.5,3.6,3.5,3.6,3.3,2.9,3,3,3,3.1,3.2,3.4,3.5,3.4,3.5,3.6,3.5,3.5,3.6,3.4,3.3,3.5,3.4,3.4,3.6,3.4,3.4,3.3,5,5.5,5.4,5.4,5.4,5.5,5.3,4.9,4.8,4.3,3.6,3.6,3.6,3.6,3.6
5/5/2021,3.6,3.6,3.6,3.6,3.6,3.6,3.6,3.5,3.5,2.9,2.9,2.9,3.2,3.1,3.4,3.5,3.8,3.6,3.9,3.7,3.7,3.7,3.7,3.5,3.7,3.7,3.8,3.7,3.6,3.5,3.6,3.6,3.2,3.3,3,2.9,2.9,3,2.9,2.9,3.4,3.6,3.5,3.5,3.5,3.6,3.5,3.5
5/6/2021,3.5,3.5,3.5,3.5,3.5,3.5,3.5,3.5,3.5,2.9,2.9,2.9,3.2,3.1,3.4,3.5,3.5,3.6,3.4,3.4,3.4,3.5,3.6,3.4,3.3,3.3,3.2,3.6,4.8,5.6,5.6,5.6,5.4,5.4,5.5,5.2,4.5,4.1,4.1,3.9,3.5,3.6,3.6,3.4,3.6,3.6,3.7,3.8
5/7/2021,3.8,3.5,3.5,3.4,3.5,3.4,3.4,3.4,3.4,2.8,2.8,2.9,3,3.2,3.3,3.3,3.3,3.3,3.3,3.2,3.3,3.3,3.2,3.1,3.1,3.2,3.1,4.5,5.8,5.8,4.7,4,3.8,2.9,2.8,2.8,2.8,2.8,2.8,2.8,3.3,3.4,3.4,3.4,3.4,3.4,3.4,3.4
5/8/2021,3.4,3.4,3.4,3.4,3.4,3.4,3.4,3.5,3.4,3.4,3.4,2.8,2.8,2.8,2.8,2.8,2.8,2.8,2.9,2.9,2.9,2.8,2.8,2.9,2.8,2.8,2.8,2.9,2.9,2.9,2.8,2.9,2.8,2.8,2.9,2.8,2.8,2.7,2.8,2.9,3.3,3.3,3.4,3.3,3.4,3.3,3.4,3.3
5/9/2021,3.4,3.4,3.4,3.4,3.3,3.3,3.4,3.4,3.4,2.9,2.8,2.8,2.9,2.9,2.9,2.9,2.9,2.8,2.9,2.8,2.9,2.8,2.8,2.8,2.8,2.8,2.8,2.8,2.9,2.8,2.8,2.9,3,2.9,2.8,2.8,2.9,2.8,2.8,2.8,3.2,3.4,3.4,3.4,3.5,3.4,3.4,3.4
5/10/2021,3.5,3.4,3.4,3.5,3.5,3.4,3.4,3.4,3.4,2.8,2.8,2.8,2.9,2.9,2.8,2.8,3.1,3.1,3.1,3.1,5.8,5.7,5.7,5.6,5.1,4.4,4.3,4.2,3.5,3.3,3.5,3.4,3.1,2.7,2.7,2.8,2.7,2.7,2.7,2.8,3.1,3.3,3.4,3.3,3.3,3.3,3.3,3.3
5/11/2021,3.3,3.3,3.3,3.3,3.3,3.3,3.4,3.3,3,2.7,2.7,2.7,2.8,2.9,2.9,3.3,3.2,3.3,3.3,3.3,3.5,3.5,3.4,3.5,3.6,3.7,3.7,3.7,3.8,5.1,6,6,5.7,5.2,4.4,3.9,3.8,3.4,3.2,3.4,3.4,3.5,3.5,3.4,3.4,3.4,3.4,3.4
5/12/2021,3.4,3.4,3.4,3.4,3.4,3.4,3.5,3.4,3.1,2.7,2.7,2.7,2.9,2.9,3,3.3,3.4,3.4,3.6,3.8,3.5,3.5,3.5,3.6,3.7,3.3,3.4,3.4,3.3,3.3,3.4,3.4,3.3,3,2.9,2.9,2.9,2.8,2.8,2.8,3.2,3.4,3.4,3.4,3.4,3.4,3.4,3.4
5/13/2021,3.5,3.4,3.4,3.4,3.4,3.4,3.4,3.4,3.4,2.8,2.8,2.8,3.1,3,3.3,3.2,3.3,3.4,3.5,3.5,3.5,3.4,3.6,3.6,3.4,3.4,3.4,3.3,3.4,3.3,3.4,3.5,3.2,3.1,3.2,3.1,3.1,3.1,3,2.9,3.3,3.5,3.5,3.4,3.5,3.5,3.5,3.5
5/14/2021,3.5,3.5,3.5,3.4,3.4,3.5,3.5,3.5,3.2,2.9,2.9,2.9,3,3.1,3,3.5,5.8,4.1,3.3,3.4,3.5,3.5,3.7,3.5,3.7,3.5,3.7,3.6,3.4,3.4,3.3,3.4,2.9,2.8,2.8,2.8,2.8,2.8,2.8,3.4,3.5,3.5,3.5,3.5,3.5,3.5,3.5,3.4
5/15/2021,3.4,3.4,3.4,3.4,3.4,3.4,3.5,3.5,3.4,2.9,2.9,2.9,2.8,2.9,2.9,2.8,2.9,3,3,3,2.9,2.9,2.9,2.9,2.9,2.9,3,2.9,2.9,2.9,2.9,2.9,2.9,2.8,2.8,2.8,2.8,2.8,2.8,2.9,3.4,3.4,3.4,3.4,3.4,4.7,5.8,5.8
5/16/2021,5.8,6,5.9,5.6,5,4.6,4.6,4.5,3.3,2.8,2.8,2.8,2.8,2.8,3,3.4,3.5,3.5,3.3,3.4,3.4,3.4,3.5,3.4,3.4,3.4,3.5,3.4,3.4,3.5,3.4,3.5,3.5,3.1,3.1,3.1,3,2.9,2.9,2.9,2.9,3.5,3.5,3.5,3.4,3.4,3.5,3.5
5/17/2021,3.5,3.4,3.5,3.5,3.5,3.6,3.5,3.5,3.2,2.9,2.9,2.9,3.1,3.1,3.4,3.4,3.5,3.5,3.5,3.3,3.4,3.4,3.5,3.5,3.6,3.6,3.5,5.5,6,5.8,5.8,5.1,4.3,4,3.3,2.9,2.9,3,2.9,2.9,3.1,3.6,3.5,3.5,3.5,3.5,3.6,3.6
5/18/2021,3.5,3.5,3.5,3.5,3.6,3.5,3.5,3.5,3.2,2.9,2.9,2.9,3.1,2.9,3.3,3.3,3.3,3.4,3.2,3.3,3.3,3.3,3.3,3.3,3.4,3.4,3.4,3.3,4.5,5.9,5.8,5,4.2,3.9,3.2,2.9,2.9,2.9,2.9,2.9,3,3.4,3.5,3.5,3.5,3.5,3.5,3.5
5/19/2021,3.5,3.5,3.5,3.5,3.5,3.5,3.5,3.5,3,2.9,2.9,2.9,3.2,3.3,3.4,3.4,3.9,3.5,3.5,3.6,3.6,3.6,3.5,3.6,3.6,3.7,3.6,3.6,3.8,3.6,3.4,3.3,3.3,3.5,5.4,5,3.9,3.8,3.5,2.9,2.9,3.4,3.5,3.5,3.5,3.5,3.5,3.6
5/20/2021,3.6,3.6,3.6,3.6,3.6,3.6,3.7,3.6,3,3,3,3.1,3.2,3,3.1,3.3,3.3,3.3,3.3,3.3,3.2,3.2,3.3,3.2,3.5,3.5,3.4,3.3,3.5,3.3,3.4,3.2,3,2.9,2.9,2.8,2.8,2.8,2.9,2.9,3,3.4,3.4,3.4,3.4,3.4,3.4,3.4
5/21/2021,3.5,3.4,3.4,3.4,3.4,3.4,3.4,3.4,3.4,3.1,2.8,2.8,3.1,3.2,3.3,3.3,3.4,3.4,3.4,3.7,3.4,3.3,3.3,3.2,3.2,3.2,3.4,3.4,3.5,3.3,3.3,3.3,3.3,3,2.9,2.8,2.8,2.8,2.8,3.2,3.4,3.4,3.4,3.4,3.4,3.4,3.4,3.4
5/22/2021,3.5,3.4,3.4,3.4,3.4,3.5,3.4,3.4,3.4,3.1,2.8,2.8,2.8,2.8,3,2.9,2.9,2.9,2.9,2.9,2.9,2.8,2.8,2.8,2.8,2.9,2.8,2.8,2.8,2.8,2.8,2.8,2.8,2.8,3.1,5.2,5.2,5.2,5.3,5.3,5.4,4.7,4.7,4.5,3.6,4.7,4.4,3.8
5/23/2021,3.7,3.5,3.5,3.5,3.4,3.5,3.4,3.4,3,2.8,2.8,2.8,2.9,3,2.9,2.8,2.8,2.9,2.8,2.9,2.9,2.9,2.9,2.9,2.9,2.9,2.9,2.9,2.9,3,3,2.9,2.9,3,2.9,2.9,2.9,3,2.8,2.8,3.2,3.5,3.5,3.4,3.4,3.5,3.4,3.5
5/24/2021,3.5,3.4,3.4,3.4,3.5,3.4,3.4,3.3,2.9,2.9,2.8,2.8,3.1,3,3,3,3.3,3.2,3.2,3.2,3.2,3.2,3.3,3.4,3.4,3.3,3.4,3.4,3.5,3.4,3.3,3.2,3.2,2.9,2.8,2.8,2.8,2.8,2.8,2.8,2.9,3.4,3.4,3.4,3.5,3.4,3.4,3.4
5/25/2021,3.4,3.4,3.5,3.4,3.4,3.4,3.4,3.5,3.4,3,2.8,2.8,3.1,2.9,3,3.1,3.4,2.9,2.8,2.9,2.9,3,3.3,3.6,3.6,3.7,3.7,3.8,3.7,3.8,3.6,3.5,3.2,3,3,2.8,2.8,2.8,2.8,2.8,2.8,3.3,3.4,3.4,3.4,3.4,3.5,3.4
5/26/2021,3.4,3.4,3.4,3.4,3.4,3.4,3.4,3.4,3,2.9,2.9,2.9,3.1,3,3,3.1,3.4,3.4,3.5,3.6,3.6,3.5,3.4,3.3,3.3,3.5,3.6,5.7,5.7,5.8,6,5.9,5.3,4.9,4.2,4,4,3.7,2.8,2.8,2.9,3.2,3.4,3.5,3.5,3.5,3.5,3.5
5/27/2021,3.5,3.5,3.5,3.5,3.5,3.5,3.5,3.3,2.9,2.9,2.9,2.9,3.1,3,3,3,3.1,3.1,3.2,3.2,3.2,3.1,3.2,3.3,3.2,3.3,3.3,3.3,3.2,3.1,3.1,3.1,3,2.9,2.9,2.9,2.9,2.8,2.8,2.9,3,3.4,3.4,3.5,3.4,3.4,3.4,3.5
5/28/2021,3.4,3.4,3.4,3.5,3.4,3.4,3.4,3.5,3,2.9,2.9,2.9,3.2,3.1,3.3,3.4,3.3,3.2,3.2,3.3,3.2,3.3,3.2,3.3,3.3,3.5,3.4,3.3,3.3,3.3,3.3,3.2,3.2,3.2,3,2.9,3,2.9,2.9,2.9,2.9,3.5,3.5,3.5,3.5,3.5,3.5,3.5
5/29/2021,3.5,3.5,3.5,3.5,3.5,3.5,3.5,3.5,3.3,2.9,2.9,2.9,2.9,2.9,2.9,2.8,2.8,2.8,2.8,2.9,3,2.8,2.8,2.8,2.8,2.8,2.8,2.8,2.9,2.9,2.8,2.8,2.8,2.8,2.8,2.8,2.8,2.8,2.8,2.8,2.8,3.1,3.4,3.4,3.4,3.4,3.4,3.4
5/30/2021,3.4,3.4,3.4,3.4,3.4,3.4,3.4,3.3,2.8,2.8,2.8,2.8,2.8,2.8,2.9,2.8,2.8,2.8,2.8,2.9,2.8,2.8,2.8,2.8,2.8,2.8,2.8,2.8,2.8,2.8,2.8,2.8,2.9,2.8,2.8,2.8,2.8,2.8,2.8,2.8,2.8,2.9,3.4,3.4,3.4,3.4,3.4,3.4
5/31/2021,3.4,3.4,3.4,3.4,3.4,3.4,3.4,3.1,2.8,2.8,2.8,2.8,2.8,2.9,2.8,2.9,2.9,3,2.9,2.9,2.9,2.9,2.9,2.9,2.9,2.9,2.9,2.9,2.9,2.9,2.9,2.9,2.9,2.9,2.9,2.9,2.9,2.8,2.8,2.8,3,3.2,3.5,3.5,3.5,3.5,3.4,3.5
6/1/2021,3.4,3.4,3.4,3.4,3.4,3.4,3.5,3.1,2.8,2.8,2.8,2.8,2.9,3.1,3.1,3.3,3.2,3.2,3.2,3.2,3.3,3.2,3.2,3.1,3.1,3.4,3.3,3.3,3.3,3.2,3.1,3,3,3,2.9,2.9,2.8,2.8,2.8,2.8,2.8,3,3.4,3.4,3.5,3.4,3.4,3.4
6/2/2021,3.4,3.5,3.5,3.4,3.4,3.5,3.5,3,2.8,2.8,2.8,2.8,3,3.1,3.1,3.1,3.6,5.8,5.7,5.7,5.6,5.6,5.9,5.6,5.4,4.9,4.4,4.4,4.4,3.3,3.2,3.1,3,3,3,3,3,3,3,2.9,3.4,3.6,3.5,3.5,3.5,3.5,3.5,3.5
6/3/2021,3.5,3.5,3.6,3.6,3.5,3.5,3.6,3.5,3,2.9,2.9,2.9,3,3.1,3.2,3.3,3.3,3.2,3.1,3.2,3.2,3.2,3.2,3.2,3.2,3.2,3.3,3.3,3.3,3.3,3.3,3.1,3.1,2.9,2.9,2.8,2.9,3,2.8,2.8,2.9,3,3.4,3.5,3.5,3.4,3.5,3.6
6/4/2021,3.5,3.5,3.5,3.5,3.5,3.5,3.5,3.2,2.9,3,2.9,2.9,3.1,2.9,2.9,3,3.3,3.2,3.3,3.3,3.4,3.4,3.3,3.2,3.3,3.3,3.3,3.4,3.4,3.3,3.2,3.1,3,2.9,2.8,2.9,2.8,2.8,2.8,2.9,2.9,3.1,3.5,3.5,3.5,3.5,3.5,3.5
6/5/2021,3.6,3.5,3.5,3.5,3.5,3.5,3.5,3.3,2.9,2.9,2.9,2.9,2.9,2.9,3,2.9,2.9,2.8,2.9,2.8,2.8,2.8,2.8,2.8,2.9,2.9,2.9,2.9,2.9,2.8,2.8,2.9,2.8,2.9,2.9,2.8,2.9,2.9,2.8,2.8,2.8,3.2,3.4,3.4,3.4,3.4,3.4,3.4
6/6/2021,3.4,3.4,3.4,3.4,3.4,3.4,3.4,3.4,2.8,2.8,2.8,2.8,2.9,2.9,2.8,2.9,2.8,2.8,2.8,2.9,2.9,2.8,2.8,2.9,2.8,2.8,2.8,2.9,2.8,2.8,2.8,2.8,2.8,2.8,2.8,2.8,2.8,2.8,2.8,2.8,2.9,3.1,3.4,3.4,3.5,3.4,3.4,3.4
6/7/2021,3.4,3.4,3.4,3.4,3.4,3.4,3.5,3.1,2.8,2.8,2.8,2.8,2.9,3,3.1,2.9,3,3.4,3.3,3.4,3.4,3.4,3.3,3.3,3.3,3.4,3.4,3.4,3.5,3.5,3.6,3.4,3.2,3,3,3,3,3,3,3,3,3.2,3.5,3.6,3.5,3.5,3.5,3.6
6/8/2021,3.5,3.5,3.6,3.6,3.5,3.6,3.5,3.1,3,3,3,3,3.1,3,3,3.2,3.4,3.2,3.2,3.2,3.3,3.5,3.2,3.3,3.3,3.5,3.4,3.5,3.6,3.6,3.5,3.5,3.3,3.2,3.1,3.1,3.1,3,3,3,3,3,3.4,3.4,3.6,5.7,5.8,5.8
6/9/2021,5.8,5.9,6,6,5.6,5.2,4.8,4.5,3.9,2.8,2.8,2.8,3,3,3,3,3.5,3.4,3.3,3.3,3.5,3.5,3.4,3.4,3.4,3.4,3.2,3.2,3.4,3.3,3.5,3.4,3.1,2.9,2.8,2.8,2.8,2.8,2.8,2.8,2.9,3.5,3.4,3.3,3.4,3.4,3.4,3.3
6/10/2021,3.4,3.4,3.4,3.4,3.4,3.4,3.3,3.1,2.8,2.8,2.8,2.8,2.8,3,2.9,2.9,3.3,3.3,3.3,3.3,3.3,3.2,3.1,3.2,3.2,3.2,3.3,3.3,3.2,3.1,3.1,3.1,3,2.9,2.9,2.9,2.9,2.9,2.9,2.8,2.9,3.4,3.3,3.4,3.3,3.3,3.4,3.4
6/11/2021,3.4,3.4,3.4,3.3,3.5,3.4,3.4,3.3,2.9,2.8,2.8,2.8,3,2.9,3,3,3.2,3.2,3.1,3.1,3.1,3.3,3.2,3.1,3.1,3.1,3.2,3.1,3,3,3,3,2.8,2.8,2.8,2.8,2.8,2.8,2.8,2.8,2.8,3.1,3.4,3.3,3.4,3.4,3.3,3.4
6/12/2021,3.4,3.4,3.4,3.4,3.4,3.4,3.4,3.4,2.8,2.8,2.8,2.8,2.8,2.8,2.8,2.8,2.8,2.8,2.8,2.8,2.8,2.8,2.8,2.8,2.8,2.8,2.8,2.8,2.8,2.8,2.9,2.8,2.8,2.8,2.8,2.8,2.8,2.8,2.8,2.8,2.8,2.9,3.3,3.4,3.4,3.4,3.4,3.4
6/13/2021,3.4,3.4,3.4,3.4,3.4,3.4,3.4,3.4,2.8,2.8,2.8,2.8,2.8,2.8,2.8,2.8,2.8,2.8,2.8,2.8,2.8,2.8,2.8,2.8,2.8,2.8,2.8,2.8,2.9,2.8,2.8,2.8,2.8,2.8,2.8,2.8,2.8,2.8,2.8,2.8,2.8,2.9,3.3,3.4,3.4,3.4,3.4,3.4
6/14/2021,3.4,3.4,3.4,3.4,3.4,3.3,3.4,3.3,2.8,2.8,2.8,2.8,3,3,3,3.1,3.2,3.1,3.3,4,5.7,5.6,5.6,5.1,3,3.1,3.3,3.1,3.3,3.1,3.1,3.1,3,2.8,2.8,2.8,2.8,2.8,2.8,2.8,2.8,2.8,3.3,3.4,3.4,3.4,3.4,3.4
6/15/2021,3.4,3.4,3.4,3.4,3.4,3.4,3.3,3.1,2.8,2.8,2.8,2.8,3,2.9,3.1,3.4,3.4,3.3,3.2,3.5,3.5,3.5,3.5,3.3,3.3,3.3,3.3,3.5,3.6,3.6,3.7,3.6,3.2,3.1,3,3,2.9,2.9,2.9,2.9,2.9,2.9,3.4,3.6,3.6,3.6,3.6,3.6
6/16/2021,3.5,3.6,3.6,3.6,3.6,3.6,3.5,3.3,3.1,2.9,3,3,3.3,3.1,3.1,3.2,5.3,5.7,5.7,6.1,6,3.7,3.6,3.4,3.5,3.6,3.7,3.8,3.5,3.5,3.4,3.3,3.1,2.8,2.8,2.9,2.9,2.8,2.8,2.8,2.9,3.2,3.4,3.4,3.5,3.4,3.4,3.5
6/17/2021,3.5,3.4,3.4,3.5,3.5,3.4,3.4,3.4,3,2.9,2.9,3,3.3,3,3.1,3.2,3.2,3.1,3.1,3.1,3.1,3.1,3.1,3.2,3.1,3.2,3.1,3.2,3.2,3.1,3,3,3,2.9,2.9,2.9,2.8,2.8,2.9,2.8,2.9,2.8,3.2,3.4,3.4,3.4,3.4,3.4
6/18/2021,3.4,3.4,3.5,3.4,3.4,3.4,3.4,3.2,2.8,2.8,2.8,2.8,2.9,3,3.3,3.2,3.2,3.2,3.2,3.2,3.1,3.2,3.2,3.3,3.2,3.1,3.2,5.4,5.5,5.5,5.5,5.5,5.3,5.3,5.1,4.7,4.3,4.2,4.1,3.2,2.8,3.3,3.5,3.4,3.4,3.4,3.4,3.5
6/19/2021,3.4,3.5,3.5,3.5,3.5,3.5,3.5,3.5,2.9,2.9,2.9,2.9,2.9,2.9,2.9,2.9,2.9,2.9,2.8,2.8,2.9,2.8,2.8,2.8,2.8,2.8,2.8,2.9,2.8,2.9,2.9,2.9,2.8,2.8,2.9,2.9,2.8,2.8,2.9,2.8,3,3.1,3.4,3.4,3.4,3.4,3.4,3.3
6/20/2021,3.4,3.4,3.3,3.4,3.4,3.4,3.4,3.4,2.9,2.8,2.8,2.8,2.8,2.9,2.9,2.8,2.8,2.8,2.8,2.8,2.8,2.8,2.8,2.8,2.8,2.8,2.8,2.7,2.8,2.8,2.8,2.8,2.8,2.7,2.8,2.8,2.8,2.7,2.8,2.7,2.8,2.8,3.2,3.3,3.3,3.4,3.4,3.4
6/21/2021,3.3,3.4,3.3,3.4,3.4,3.4,3.3,3.2,2.8,2.8,2.8,2.8,2.9,2.9,2.9,3.1,3.3,3.4,3.4,3.3,3.5,3.3,3.4,3.4,3.2,3.1,3,3.4,3.4,3.2,3.2,3.2,3.1,2.8,2.8,2.8,2.8,2.8,2.8,2.8,2.9,3.3,3.4,3.4,3.4,3.4,3.4,3.4
6/22/2021,3.4,3.4,3.4,3.4,3.4,3.4,3.4,3,2.8,2.8,2.8,2.8,3,3,3,3.2,3.2,3.2,3.2,3.1,3.2,3.2,3.1,3.3,3.1,3.1,3.3,3.4,5.3,5.4,5.5,5.4,5.3,5.3,5.3,5,4.3,4.1,4,3.2,2.8,3,3.3,3.4,3.4,3.4,3.4,3.4
6/23/2021,3.4,3.4,3.4,3.4,3.4,3.4,3.4,3,2.8,2.8,2.8,2.8,3.1,3,3,3,3.1,3.1,3.4,3.4,3.3,3.6,3.7,3.6,3.5,3.4,3.4,3.4,3.3,3.4,3.4,3.4,3.1,2.9,2.9,2.8,2.8,2.8,2.8,2.8,2.8,3.1,3.4,3.4,3.4,3.4,3.4,3.4
6/24/2021,3.3,3.4,3.4,3.4,3.4,3.4,3.4,3.4,2.9,2.8,2.8,2.8,3,2.9,2.9,3,3,3,3.1,3.3,3.2,3.2,3.2,3.3,3.3,3.4,3.3,3.4,3.3,3.1,2.9,2.9,2.8,2.8,2.8,2.8,2.8,2.8,2.8,2.8,3.1,3.4,3.5,3.4,3.4,3.4,3.4,3.4
6/25/2021,3.5,3.4,3.4,3.4,3.4,3.5,3.5,3.4,3.3,2.8,2.9,2.8,2.9,3,3.2,3.1,3.1,3.2,3.1,3.2,3.5,5.6,5.7,5.9,5.8,5.9,5.8,5.3,4.8,4.8,3.9,3.2,2.9,2.9,2.9,2.9,3,2.9,2.9,2.9,3.3,3.5,3.5,3.5,3.5,3.5,3.5,3.5
6/26/2021,3.5,3.5,3.5,3.5,3.5,3.5,3.5,3.3,2.9,2.9,2.9,2.9,2.9,2.9,2.9,2.9,2.9,2.9,2.8,2.8,2.8,2.8,2.8,2.8,2.8,2.8,2.8,2.8,2.8,2.8,2.8,2.8,2.8,2.8,2.8,2.8,2.8,2.8,2.9,2.8,2.8,2.8,3.3,3.4,3.4,3.4,3.4,3.4
6/27/2021,3.4,3.4,3.4,3.4,3.4,3.4,3.4,3.2,2.8,2.8,2.8,2.8,2.8,2.8,2.8,2.8,2.8,2.8,2.9,3.1,2.9,2.9,2.9,2.9,2.9,2.9,2.9,2.9,2.9,2.9,2.9,2.9,2.9,2.9,2.9,2.9,2.9,2.9,2.9,2.9,3.4,3.5,3.4,3.4,3.5,3.5,3.6,3.5
6/28/2021,3.5,3.5,3.4,3.4,3.5,3.4,3.4,3.4,2.9,3,3,3,3.1,3,3,3,3.1,3.2,3.2,3.3,3.3,3.2,3.2,3.1,3.2,3.2,3.2,3.3,3.3,3.3,3.2,3.3,3.1,2.9,2.8,2.9,2.9,2.9,2.9,2.9,2.8,3.1,3.4,3.4,3.4,3.4,3.5,3.4
6/29/2021,3.4,3.4,3.5,3.4,3.4,3.5,3.4,3.2,2.9,2.9,2.9,2.8,3.1,2.9,3.1,3.1,3.3,3.1,3.2,3.3,3.4,3.4,3.4,3.3,3.4,3.5,3.5,3.4,3.4,3.2,3.2,3.2,3.1,3,3,3,2.9,3.5,5.3,5.4,5.4,5.7,5.8,5.1,4.7,4.7,3.8,3.5
6/30/2021,3.6,3.6,3.5,3.6,3.6,3.5,3.6,3.3,3,3,3,3,3.1,3.1,3.1,3.2,3.3,3.1,3.1,3.1,3,3.1,3.1,3.2,3.1,3.3,3.1,3.1,3.1,3.1,3,3,3,3,2.9,2.8,2.8,2.8,2.8,2.9,2.9,2.9,3.4,3.4,3.5,3.4,3.4,3.4
7/1/2021,3.4,3.3,3.4,3.3,3.3,3.4,3.4,3.4,2.9,2.8,2.7,2.8,3,2.9,3,3,3.1,3.1,3.3,3.3,3.3,3.2,3.2,3.1,3.1,3.2,3.3,3.3,3.3,3.4,3.3,3.1,3,2.8,2.8,2.8,2.8,2.8,2.8,2.7,2.8,3.2,3.3,3.3,3.3,3.4,3.3,3.3
7/2/2021,3.3,3.4,3.3,3.4,3.3,3.3,3.3,3.2,2.8,2.8,2.7,2.8,2.9,2.9,2.9,2.9,3.3,3.3,3.2,3.4,3.3,3.4,3.3,3.4,3.3,3.1,3.2,3.2,3.3,3.3,3.4,3.4,3.1,2.9,2.8,2.8,2.8,2.8,2.8,2.7,3.1,3.4,3.4,3.3,3.3,3.3,3.3,3.4
7/3/2021,3.4,3.3,3.3,3.3,3.4,3.4,3.3,3.3,3.1,2.8,2.8,2.7,2.8,2.9,2.8,2.8,2.8,2.8,2.8,2.8,2.8,2.8,2.8,2.8,2.9,2.8,2.8,2.8,2.8,2.8,2.8,2.8,2.8,2.8,2.8,2.8,2.8,2.8,2.8,2.7,2.7,2.9,3.4,3.3,5.2,5.7,5.7,5.7
7/4/2021,5.8,5.8,5.8,5.5,5,4.7,4.5,3.7,2.8,2.8,2.7,2.8,2.7,2.8,2.8,2.8,2.7,2.7,2.8,2.8,2.7,2.8,2.8,2.7,2.7,2.8,2.8,2.8,2.8,2.7,2.8,2.7,2.8,2.7,2.7,2.7,2.8,2.7,2.7,2.7,3,3.4,3.3,3.3,3.3,3.3,3.4,3.3
7/5/2021,3.3,3.3,3.3,3.4,3.3,3.4,3.3,3.3,3.2,2.7,2.7,2.7,3,3.1,3,3.1,3.1,3.6,3.7,3.8,3.8,3.6,3.6,3.5,3.5,3.4,3.2,3.4,3.5,3.3,3.4,3.2,3,2.8,2.7,2.7,2.7,2.7,2.7,2.7,3,3.3,3.3,3.3,3.3,3.4,3.4,3.4
7/6/2021,3.4,3.4,3.4,3.4,3.4,3.4,3.4,3.4,3.4,3,2.8,2.8,2.9,2.9,2.8,3.1,3.1,3.4,3.5,3.5,3.5,3.5,3.6,3.4,3.5,3.3,3.3,3.3,3.3,3.4,3.2,3.2,2.9,2.7,2.8,2.8,2.7,2.8,2.7,3.9,3.1,3.6,3.3,3.3,3.3,3.3,3.4,3.3
7/7/2021,3.3,3.3,3.3,3.3,3.3,3.3,3.3,3.3,2.8,2.7,2.7,2.7,2.8,3,2.8,3.1,3.3,3.1,3.3,3.2,3.5,3.6,3.6,3.5,3.6,3.6,3.4,3.6,3.8,3.7,3.6,3.4,2.9,2.8,2.8,2.7,2.7,2.7,2.8,2.7,2.7,2.9,3.3,3.3,3.3,3.3,3.3,3.3
7/8/2021,3.3,3.4,3.3,3.3,3.3,3.3,3.3,3.2,2.7,2.7,2.7,2.7,3,2.9,2.9,2.9,3.1,3.2,3.2,3.2,3.1,3.2,3.3,3.2,3.3,3.3,3.4,3.5,3.4,3.3,3.2,3.1,2.9,2.8,2.8,2.8,2.8,2.8,2.8,2.7,2.7,3,3.3,3.3,3.3,3.3,3.3,3.3
7/9/2021,3.4,3.4,3.3,3.3,3.3,3.3,3.3,3.3,2.7,2.7,2.7,2.7,2.9,2.9,3,3.1,3.4,3.4,3.4,3.4,3.4,3.3,3.2,3.1,3.1,3.2,3.1,3.3,3.5,3.4,4.2,5.7,5.4,5.4,5.4,5.2,4.7,4,4,3.7,2.8,2.9,3.4,3.4,3.4,3.4,3.4,3.4
7/10/2021,3.4,3.4,3.4,3.5,3.5,3.4,3.4,3.4,3.4,2.9,2.8,2.8,2.8,2.8,2.8,2.8,2.9,2.8,2.9,2.9,2.9,2.9,2.9,2.8,2.9,2.9,3,2.9,2.9,2.9,2.9,2.9,2.9,2.9,2.9,2.9,2.9,2.8,2.8,2.8,2.8,2.9,3.3,3.4,3.3,3.3,3.4,3.4
7/11/2021,3.3,3.3,3.3,3.3,3.4,3.4,3.3,3.3,2.8,2.7,2.7,2.8,2.7,2.7,2.7,2.7,2.8,2.7,2.7,2.7,2.7,2.7,2.7,2.7,2.8,2.8,2.8,2.8,2.8,2.8,2.8,2.8,2.8,2.8,2.8,2.8,2.8,2.8,2.8,2.8,2.8,3.4,3.4,3.4,3.4,3.4,3.4,3.4
7/12/2021,3.4,3.4,3.4,3.4,3.4,3.4,3.4,3.3,3.1,2.8,2.8,2.8,2.9,2.9,2.8,3.1,3.5,3.3,3.3,3.3,3.3,3.4,3.4,3.3,3.4,3.4,3.4,3.3,4.5,5.8,5.9,5.8,5.3,4.4,4,3.9,3.2,3,2.9,2.9,2.8,3.1,3.4,3.4,3.4,3.4,3.4,3.4
7/13/2021,3.5,3.4,3.5,3.4,3.4,3.4,3.4,3.4,3.2,2.8,2.9,2.8,3.1,3,3,3.2,3.5,3.7,3.7,3.4,3.3,3.4,3.3,3.3,3.2,3.5,3.4,3.2,3.4,3.4,3.3,3.3,3.2,2.9,2.8,2.8,2.8,2.8,2.8,2.8,2.8,2.9,3.3,3.4,3.4,3.4,3.4,3.4
7/14/2021,3.4,3.4,3.4,3.4,3.4,3.4,3.4,3.3,2.8,2.9,2.8,2.8,3.1,3,3,3.2,3.5,3.4,3.4,3.6,3.5,3.4,3.3,3.3,3.3,3.4,3.2,4.1,5.8,5.9,5.9,5.8,5.5,5.5,5.1,4.3,4.2,4,2.9,2.9,3,3.1,3.5,3.5,3.5,3.5,3.5,3.5
7/15/2021,3.5,3.5,3.5,3.5,3.5,3.5,3.5,3.5,3.2,2.9,2.9,2.9,3,2.9,3,3.2,3.3,3.4,3.6,3.6,3.8,3.5,3.6,3.5,3.5,3.4,3.4,3.3,3.3,3.2,3.1,3.1,2.9,2.8,2.8,2.8,2.8,2.8,2.8,2.8,2.8,3,3.4,3.4,3.4,3.4,3.4,3.4
7/16/2021,3.4,3.4,3.4,3.4,3.4,3.4,3.4,3.4,2.9,2.8,2.8,2.8,3.1,3,2.9,3,3.2,3.2,3.3,3.1,3.2,3.3,3.2,3.2,3.1,3.1,3.9,5.5,5.5,5.7,5.6,4.8,4.2,3.9,3.1,2.8,2.8,2.8,2.8,2.8,2.8,3,3.4,3.4,3.4,3.4,3.4,3.5
7/17/2021,3.4,3.4,3.4,3.4,3.5,3.5,3.4,3.4,2.8,2.8,2.8,2.8,2.8,2.8,2.9,2.9,2.9,2.9,2.8,2.7,2.8,2.7,2.7,2.7,2.7,2.7,2.7,2.7,2.8,2.8,2.8,2.8,2.7,2.7,2.7,2.8,2.7,2.7,2.8,2.8,2.8,3,3.3,3.3,3.3,3.3,3.3,3.3
7/18/2021,3.3,3.3,3.3,3.4,3.3,3.3,3.3,3.4,3,2.8,2.8,2.8,2.8,2.8,2.8,2.8,2.8,2.8,2.8,2.8,2.8,2.8,2.9,2.8,2.8,2.8,2.8,2.8,2.9,2.9,2.8,2.8,2.8,2.9,2.9,2.8,2.8,2.8,2.8,2.8,2.8,3.1,3.3,3.4,3.4,3.3,3.3,3.3
7/19/2021,3.4,3.5,3.4,3.4,3.3,3.4,3.4,3.3,3,2.8,2.8,2.8,3,2.9,2.9,3,3,3.1,3.1,3.2,3.2,3.3,3.4,3.3,3.4,3.3,3.1,3.1,3.4,3.4,3.3,3.4,2.9,2.8,2.7,2.7,2.7,2.7,2.8,2.8,2.8,3,3.3,3.3,3.3,3.3,3.3,3.4
7/20/2021,3.4,3.3,3.4,3.4,3.3,3.3,3.3,3.4,3,2.8,2.8,2.7,3.1,3,3.1,3,3.2,3.3,3.3,3.4,3.3,3.3,3.2,3.3,3.4,3.3,3.6,3.4,3.4,3.5,3.5,3.4,2.9,2.8,2.7,2.8,2.8,2.8,2.7,2.7,2.8,3.1,3.3,3.3,3.3,3.3,3.4,3.4
7/21/2021,3.4,3.4,3.3,3.3,3.4,3.3,3.3,3.3,2.9,2.8,2.9,2.8,3,3.4,3.8,3.5,3.6,3.7,3.4,3.4,3.5,5.7,5.7,4.7,3.6,3.8,3.6,3.6,3.7,3.7,3.6,3.5,2.8,2.8,2.8,2.8,2.8,2.8,4.5,5.1,5.2,5.6,5.8,5.8,5.9,5.7,5.2,4.7
7/22/2021,4.3,4.5,3.5,3.4,3.4,3.4,3.4,3.4,3.1,2.8,2.8,2.8,2.9,3.2,3.5,3.2,3.1,3.1,3.3,3.6,3.5,3.6,3.6,3.4,3.3,3.6,3.6,3.5,3.6,3.7,3.8,3.4,3.2,2.9,2.8,2.8,2.8,2.8,2.8,2.8,2.8,3.3,3.4,3.4,3.4,3.4,3.4,3.4
7/23/2021,3.4,3.4,3.4,3.4,3.4,3.4,3.4,3.4,3.1,2.8,2.8,2.8,3.2,3.4,3.4,3.5,3.5,3.6,3.6,3.5,3.3,3.3,3.4,3.3,3.2,3.1,3.1,4.3,5.5,5.5,5.5,5.5,5.4,5,4.3,4.1,4,2.8,2.8,2.9,3,3.4,3.4,3.4,3.4,3.4,3.4,3.5
7/24/2021,3.5,3.4,3.5,3.5,3.4,3.4,3.4,3.4,3.2,2.9,2.8,2.8,2.8,2.9,2.9,3,2.8,2.8,2.8,3,2.8,2.8,2.8,2.9,2.8,2.8,2.8,2.9,3,2.9,2.8,2.8,2.8,2.8,2.8,2.8,2.8,2.8,2.8,2.8,2.8,3.2,3.4,3.5,3.4,3.4,3.4,3.4
7/25/2021,3.4,3.4,3.4,3.4,3.4,3.4,3.4,3.4,3.3,2.9,2.8,2.8,2.8,2.8,2.9,2.8,2.8,2.8,2.9,2.8,2.8,2.8,2.8,2.8,2.8,2.8,2.8,2.8,2.8,2.8,2.8,2.9,2.8,2.8,2.8,2.8,2.8,2.8,2.8,2.8,2.8,3.3,3.4,3.4,3.4,3.5,3.4,3.4
7/26/2021,3.4,3.4,3.4,3.4,3.4,3.4,3.4,3.4,3.3,2.8,2.9,2.8,3,2.9,3,3,3.3,3.4,3.2,3.2,3.3,3.1,3.2,3.3,3.2,3.4,3.2,3.3,3.2,3.2,3.1,3.1,2.9,2.8,2.8,2.8,2.8,2.8,2.8,2.8,3,3.5,3.4,3.4,3.4,3.4,3.4,3.4
7/27/2021,3.4,3.4,3.4,3.4,3.4,3.5,3.4,3.4,3.3,2.8,2.8,2.8,3,2.9,2.9,3.1,3.5,3.5,3.4,3.5,3.4,3.4,3.4,3.5,3.6,3.5,3.6,3.6,3.4,3.7,3.5,3.5,3.2,3,3,3,2.9,2.8,2.8,2.9,2.9,3.4,3.4,3.4,3.5,3.4,3.4,3.4
7/28/2021,3.4,3.4,3.4,3.4,3.4,3.4,3.4,3.5,3.4,3,2.9,2.9,3,3,3.1,3.3,3.5,3.7,3.6,3.6,3.7,3.6,3.6,3.5,3.7,3.6,3.5,3.5,3.5,3.4,3.3,3.3,3.1,2.9,2.9,2.8,2.8,2.8,2.8,2.8,3.3,3.4,3.4,3.4,3.4,3.4,3.4,3.4
7/29/2021,3.4,3.4,3.4,3.4,3.4,3.4,3.4,3.4,3.3,2.8,2.8,2.8,3,2.9,2.9,2.9,3.2,3.2,3.1,3.1,3.2,3.3,3.3,3.2,3.2,3.3,3.2,4.8,5.5,5.5,5.6,5.6,5.4,5.4,5.5,5.4,5.1,4.6,4.3,4.2,3.5,3.6,3.6,3.6,3.6,3.6,3.6,3.6
7/30/2021,3.6,3.6,3.6,3.6,3.6,3.6,3.5,3.6,3.5,3.6,3.5,3,3.1,3,3.1,3.3,3.2,3.3,3.6,3.6,3.6,3.5,3.5,3.6,3.4,3.5,3.3,3.1,3.1,3.1,3.4,3.4,3,2.8,2.8,2.8,2.8,2.8,2.8,2.8,3,3.4,3.4,3.4,3.4,3.4,3.4,3.4
7/31/2021,3.4,3.4,3.4,3.4,3.4,3.4,3.4,3.4,3.4,3.2,2.8,2.8,2.8,2.8,2.8,2.8,2.8,2.9,2.8,2.8,2.8,2.8,2.8,2.8,2.8,2.8,2.8,2.8,2.8,2.8,2.8,2.8,2.8,2.8,2.8,2.8,2.8,2.8,3,3.3,3.5,3.5,3.5,3.4,3.4,3.5,3.4,3.4
8/1/2021,3.4,3.4,3.4,3.4,3.3,3.4,3.4,3.4,3.3,2.8,2.8,2.8,2.8,2.8,2.9,2.8,2.8,2.8,2.8,2.8,2.8,2.8,2.8,2.8,2.8,2.8,2.8,2.7,2.8,2.8,2.8,2.8,2.8,2.9,2.8,2.7,2.8,2.8,2.8,2.7,2.9,3.4,3.3,3.3,3.4,3.4,3.4,3.3
8/2/2021,3.4,3.4,3.3,3.3,3.4,3.4,3.3,3.3,3.4,2.9,2.8,2.8,3.1,3.1,3.1,3.2,3.2,3.1,3.1,3.2,3.2,3.4,3.3,3.6,3.5,3.4,3.2,3.2,3.3,3.3,3.3,3.2,3,2.9,2.8,2.8,2.8,2.8,2.8,2.8,3,3.4,3.4,3.4,3.4,3.3,3.4,3.4
8/3/2021,3.4,3.3,3.4,3.4,3.4,3.4,3.4,3.4,3.4,2.8,2.8,2.8,3.2,3.1,3.2,3.2,3.3,3.1,3.2,3.2,3.3,3.2,3.2,3.4,3.5,3.4,3.5,3.4,3.3,3.3,3.3,3.3,3.2,3.1,3,2.8,2.8,3.3,5.2,5.2,5.7,6,6,5.9,5.7,5.3,4.7,4.6
8/4/2021,4.1,3.5,3.5,3.5,3.4,3.5,3.6,3.5,3.4,3,3,2.9,3.2,3.3,3.1,3.1,3.4,3.4,3.4,3.3,3.3,3.3,3.2,3.3,3.3,3.4,3.4,3.3,3.4,3.2,3.2,3.2,3,2.9,2.9,2.9,2.9,2.9,2.9,3,3.4,3.5,3.4,3.6,3.6,3.5,3.6,3.6
8/5/2021,3.6,3.6,3.5,3.5,3.6,3.6,3.5,3.6,3.5,3.4,3,3,3.2,3.2,3.1,3,3.1,3.1,3.1,3,3,3.2,3.2,3.1,3.1,3.1,3,3.1,3,2.9,2.9,2.9,2.8,2.8,2.8,2.8,2.8,2.8,3.2,3.4,3.4,3.4,3.4,3.4,3.4,3.5,3.5,3.5
8/6/2021,3.5,3.5,3.5,3.4,3.5,3.5,3.4,3.5,3.5,3.1,2.9,3.1,3.2,3.3,3.1,3.2,3.2,3.3,3.3,3.4,3.4,3.4,3.7,4.7,3.3,3.3,4.9,5.6,5.6,5.5,4.7,3.1,3,2.9,2.9,2.9,2.9,2.9,2.9,2.9,3.3,3.5,3.5,3.4,3.5,3.5,3.5,3.5
8/7/2021,3.5,3.5,3.5,3.4,3.5,3.5,3.4,3.5,3.5,3.4,2.9,2.9,2.9,2.9,2.9,3,2.9,2.8,2.8,2.9,2.8,2.8,2.8,2.8,2.8,2.8,2.8,2.9,2.8,2.8,2.8,2.8,2.9,2.8,2.8,2.8,2.8,2.8,2.8,3,3.4,3.4,3.4,3.4,3.4,3.5,3.5,3.5
8/8/2021,3.4,3.5,3.5,3.5,3.5,3.5,3.5,3.5,3.4,3.5,2.9,2.9,2.9,2.9,2.9,3,2.9,2.9,3,3,3,3,2.9,2.9,2.9,2.9,2.9,2.9,2.9,2.9,2.8,2.8,2.8,2.8,3,5.2,5.2,5.3,5.4,5.4,5.7,5.3,4.9,4.7,4.7,3.7,3.6,3.5
8/9/2021,3.5,3.5,3.5,3.5,3.5,3.5,3.6,3.6,3.6,3.4,3,3,3.4,3.2,3.3,3.3,3.3,3.3,3.3,3.3,3.3,3.3,3.3,3.4,3.3,3.3,3.1,3.1,3.2,3.4,3.4,3.3,3,2.9,2.9,2.9,2.8,2.8,2.8,2.8,3.2,3.4,3.4,3.4,3.4,3.4,3.4,3.4
8/10/2021,3.4,3.4,3.4,3.3,3.4,3.4,3.4,3.4,3.4,3.3,2.8,2.8,3.1,3.3,3.2,3.2,3.3,3.4,3.4,3.4,3.3,3.4,3.3,3.3,3.5,3.5,3.4,3.4,3.5,3.4,3.4,3.3,3.1,2.9,2.9,2.8,2.8,2.8,2.8,2.9,3.4,3.4,3.4,3.4,3.4,3.3,3.4,3.4
8/11/2021,3.4,3.3,3.3,3.3,3.3,3.3,3.3,3.3,3.4,3.3,2.7,2.7,3,2.9,2.9,3.1,3.4,3.6,3.6,3.6,3.6,3.5,3.6,3.4,3.6,3.6,3.6,3.6,3.5,3.2,3.2,3.2,2.9,2.9,2.7,2.7,2.7,2.7,2.7,3.9,5.6,5.7,5.7,5.8,5.9,5.8,5.7,5.1
8/12/2021,4.6,4.6,4.2,3.4,3.3,3.3,3.3,3.4,3.3,3.2,2.7,3,3.2,3.1,3.1,3.1,3.3,3.2,3.1,3.1,3.3,3.2,3.3,3.3,3.5,3.4,3.4,3.4,3.3,3.3,3.2,2.8,2.8,2.7,2.8,2.8,2.7,2.8,2.8,2.8,3.3,3.3,3.4,3.3,3.4,3.3,3.4,3.3
8/13/2021,3.3,3.3,3.3,3.4,3.4,3.3,3.3,3.3,3.3,3.3,2.8,2.9,3,3,2.9,3,3,2.9,3.2,3.1,3.1,3,3.1,3.1,2.9,3,2.9,2.8,2.8,2.8,2.9,2.8,2.8,2.7,2.7,2.7,2.7,2.7,2.7,2.7,3.3,3.3,3.3,3.3,3.3,3.3,3.3,3.3
8/14/2021,3.3,3.3,3.3,3.3,3.3,3.3,3.3,3.3,3.3,3.3,2.8,2.7,2.7,2.7,2.7,2.7,2.7,2.7,2.7,2.7,2.7,2.7,2.7,2.7,2.7,2.8,2.7,2.7,2.7,2.7,2.7,2.7,2.7,2.7,2.7,2.7,2.7,2.7,2.7,3,3.3,3.3,3.3,3.3,3.3,3.3,3.3,3.3
8/15/2021,3.3,3.3,3.3,3.3,3.3,3.3,3.3,3.2,3.3,3.3,2.8,2.7,2.7,3,2.9,2.9,3.1,3.2,3.1,3,3.1,3,3,3,3.1,3.1,3.1,3.4,3.4,3.3,3.1,3,2.8,2.8,2.8,2.8,2.8,2.7,2.7,2.8,3.3,3.3,3.3,3.3,3.3,3.3,3.3,3.3
8/16/2021,3.2,3.3,3.3,3.2,3.2,3.2,3.3,3.2,3.3,3.2,2.9,2.7,3,2.9,3,2.9,3.3,3,3,3.2,3.1,3.2,3.4,3.4,3.5,3.5,5.7,5.7,5.8,5.6,5.6,5.7,5.5,5.4,5.1,4.8,4.2,4,4,3.6,3.3,3.3,3.3,3.3,3.3,3.3,3.3,3.3
8/17/2021,3.3,3.3,3.3,3.4,3.3,3.3,3.3,3.3,3.3,3.3,3.2,2.7,2.9,3,3,3,3.3,3.4,3.4,3.3,3.2,3.2,3.3,3.4,3.5,3.5,3.5,3.4,3.4,3.4,3.2,3.1,3.1,2.8,2.7,2.7,2.7,2.7,2.8,3.3,3.3,3.3,3.3,3.3,3.3,3.3,3.3,3.3
8/18/2021,3.3,3.3,3.3,3.3,3.3,3.3,3.3,3.3,3.3,3.3,3.3,2.7,3,2.9,3,3.5,3.6,3.4,3.6,3.5,3.5,3.4,3.7,3.2,3.2,3.4,3.6,3.5,3.4,3.3,3.4,3.2,3,2.9,2.9,2.8,2.9,2.9,2.8,3.1,3.3,3.4,3.3,3.3,3.3,3.4,3.4,3.3
8/19/2021,3.3,3.3,3.4,3.4,3.4,3.4,3.3,3.3,3.4,3.4,2.8,2.8,3.1,3.1,3,3.2,3.2,3.1,3.1,3.1,3.1,3.1,3.2,3.3,3.1,3.3,3.2,3.2,3.2,3.2,3.1,3,3,3,2.9,2.8,2.7,2.7,2.8,3.3,3.3,3.4,3.3,3.3,3.3,3.3,3.4,3.4
8/20/2021,3.3,3.3,3.3,3.4,3.3,3.3,3.4,3.3,3.3,3.3,2.9,2.7,3.1,3.1,5.5,3.1,3.1,3.2,3.6,3.8,3.5,3.2,3.3,3.3,3.1,3.2,3.2,3.3,3.8,5.5,5.5,5.5,5.5,5.3,5.3,5.3,4.7,2.8,3.1,3.3,3.2,3.3,3.3,3.2,3.2,3.3,3.3,3.3
8/21/2021,3.3,3.3,3.3,3.3,3.3,3.4,3.3,3.2,3.3,3.3,3.1,2.7,2.7,2.7,2.7,2.7,2.7,2.7,2.7,2.7,2.7,2.7,2.6,2.7,2.7,2.7,2.6,2.7,2.7,2.7,2.6,2.7,2.7,2.7,2.6,2.7,2.7,2.7,2.6,3.1,3.3,3.2,3.2,3.3,3.3,3.2,3.3,3.3
8/22/2021,3.3,3.2,3.2,3.3,3.3,3.2,3.3,3.3,3.3,3.2,3.1,2.7,2.7,2.7,2.7,2.7,2.7,2.6,2.7,2.7,2.7,2.7,2.7,2.7,2.7,2.6,2.7,2.7,2.7,2.6,2.6,2.7,2.7,2.6,2.7,2.7,2.7,2.6,2.7,3,3.3,3.3,3.3,3.3,3.2,3.2,3.3,3.3
8/23/2021,3.2,3.2,3.3,3.3,3.2,3.2,3.3,3.3,3.3,3.3,3.3,2.7,3.1,3.3,3.4,3.3,3.1,3.1,3.1,3,3,3,3.1,3,3,3.1,2.8,2.9,3,2.9,2.9,2.8,2.9,2.7,2.7,2.7,2.8,2.7,2.7,3.2,3.3,3.3,3.3,3.3,3.3,3.3,3.3,3.3
8/24/2021,3.3,3.3,3.3,3.3,3.3,3.3,3.3,3.3,3.3,3.3,3,2.7,2.9,2.8,3,3,3.3,3.2,3.2,3.2,3.1,3.1,3.2,3.2,3.2,3.2,3.6,3.3,3.6,3.5,3.5,3.3,3,2.8,2.7,2.7,2.7,2.7,2.7,3.1,3.3,3.3,3.3,3.3,3.3,3.3,3.3,3.3
8/25/2021,3.5,3.3,3.3,3.3,3.3,3.3,3.3,3.3,3.3,3.3,3,2.7,3.2,3,3.1,3.2,3.4,3.2,3.2,3.2,3.3,3.1,3.2,3.2,3.2,3.9,5.6,5.5,5.5,5.6,5.5,4.8,4.3,4,4,4,2.9,2.7,2.7,3.2,3.3,3.3,3.3,3.3,3.3,3.3,3.3,3.3
8/26/2021,3.3,3.3,3.3,3.3,3.3,3.3,3.3,3.3,3.3,3.3,3,2.7,3.2,3.2,3.2,3.2,3.2,3.1,3.1,2.8,3,2.9,2.9,3,2.9,2.9,2.9,2.9,2.9,2.8,2.8,2.8,2.8,2.8,2.7,2.7,2.7,2.7,2.7,3.2,3.3,3.3,3.3,3.3,3.3,3.3,3.3,3.3
8/27/2021,3.3,3.3,3.3,3.3,3.3,3.3,3.3,3.3,3.3,3.3,2.9,2.8,3.2,3,3,3.1,3.1,3.1,3,3.2,3.1,3,3.2,3.3,3.2,3.1,3.1,2.9,3.1,3,3,2.9,2.8,2.8,2.7,2.7,2.7,2.7,2.9,3.3,3.3,3.3,3.3,3.3,3.3,3.3,3.3,3.3
8/28/2021,3.3,3.3,3.3,3.3,3.3,3.3,3.3,3.3,3.3,3.3,3,2.7,2.7,2.7,2.7,2.7,2.7,2.7,2.7,2.7,2.7,2.7,2.7,2.7,2.7,2.7,2.7,2.7,2.7,2.7,2.7,2.7,2.7,2.7,2.7,2.7,2.7,2.7,2.8,3.3,3.3,3.3,3.3,3.3,3.3,3.3,3.3,3.3
8/29/2021,3.3,3.3,3.3,3.3,3.3,3.3,3.3,3.3,3.3,3.3,3.1,2.7,2.7,2.7,2.7,2.7,2.7,2.7,2.7,2.7,2.7,2.7,2.7,2.7,2.7,2.7,2.7,2.7,2.7,2.7,2.7,2.7,2.7,2.7,2.7,2.7,2.7,2.7,3,3.3,3.3,3.3,3.3,3.3,3.3,3.3,3.3,3.3
8/30/2021,3.3,3.3,3.3,3.3,3.3,3.3,3.3,3.3,3.4,3.4,3.4,2.9,2.7,2.7,2.7,2.7,2.7,2.6,2.7,2.7,2.7,2.7,2.7,2.7,2.6,2.7,2.7,2.7,2.7,2.7,2.7,2.6,2.6,2.6,2.7,2.7,2.6,2.8,3.3,3.2,5.5,5.6,5.7,5.7,5.7,5.7,5.8,5.6
8/31/2021,5.1,4.6,4.5,4.5,3.3,3.4,3.3,3.3,3.3,3.3,3.2,2.7,3.2,3.1,3.2,3.1,3.3,3.2,3.3,3.4,3.3,3.3,3.3,3.3,3.4,3.3,3.3,3.5,3.4,3.3,3.2,3.2,3.1,3.1,3,2.8,2.8,2.9,3.4,3.5,3.5,3.5,3.5,3.4,3.4,3.5,3.4,3.4
9/1/2021,3.4,3.4,3.4,3.4,3.4,3.4,3.4,3.4,3.4,3.4,3.4,2.9,2.8,3,2.8,2.9,3.2,3.4,3.2,3.1,3.2,3.2,3.2,3.2,3.6,3.5,3.5,3.4,4.1,5.7,5.8,5.7,5.5,5.4,5.3,4.9,4.2,4,4.3,3.4,3.3,3.3,3.3,3.3,3.3,3.3,3.3,3.3
9/2/2021,3.3,3.3,3.3,3.3,3.4,3.3,3.3,3.3,3.3,3.3,3.3,3.2,3.1,3.1,3.1,3,3.1,3.2,3.2,3.2,3.3,3.2,3.2,3.2,3.3,3.2,3.1,3,3.1,2.9,2.8,2.8,2.9,2.8,2.8,2.8,2.8,2.8,3,3.4,3.4,3.4,3.4,3.4,3.4,3.3,3.4,3.4
9/3/2021,3.4,3.3,3.4,3.4,3.4,3.4,3.4,3.4,3.4,3.3,3.4,3.2,3.1,3.2,3.2,3.1,3.2,3.2,3.4,3.6,3.6,3.4,3.3,3.4,3.3,3.2,3.1,3.2,3.5,3.3,3.3,3,2.9,2.8,2.9,2.8,2.8,3,3.4,3.3,3.4,3.4,3.4,3.3,3.3,3.4,3.4,3.4
9/4/2021,3.3,3.4,3.4,3.4,3.3,3.4,3.4,3.3,3.4,3.3,3.4,2.8,2.8,2.8,4.4,3.2,5.2,5.2,5.3,5.3,5.4,4,2.9,2.9,2.8,2.8,2.9,2.8,2.8,2.8,2.8,2.8,2.8,2.8,2.9,2.8,2.8,2.9,3.2,3.3,3.3,3.3,3.3,3.3,3.3,3.3,3.3,3.3
9/5/2021,3.3,3.3,3.3,3.4,3.3,3.3,3.3,3.3,3.3,3.3,3.3,2.9,2.7,2.7,2.7,2.7,2.7,2.7,2.7,2.7,2.7,2.7,2.7,2.7,2.7,2.7,2.7,2.7,2.7,2.7,2.7,2.7,2.7,2.7,2.7,2.7,2.7,2.8,3.3,3.3,3.3,3.3,3.3,3.3,3.3,3.3,3.3,3.3
9/6/2021,3.3,3.4,3.3,3.3,3.3,3.3,3.3,3.3,3.3,3.3,3.3,3,2.9,2.8,2.9,2.9,2.9,2.9,2.9,2.9,2.9,2.9,2.9,3.1,3.2,3.1,3.3,5.3,5.5,5.4,5.2,4.8,4.2,3.9,3.8,3,2.7,2.7,3.1,3.3,3.3,3.3,3.3,3.3,3.3,3.3,3.3,3.3
9/7/2021,3.3,3.3,3.3,3.3,3.3,3.3,3.3,3.3,3.3,3.3,3.3,2.9,3,2.9,2.9,2.9,3,3,3.1,3.4,3.4,3.3,3.4,3.3,3.3,3.3,3.4,3.4,3.8,5.7,5.7,5.8,5.4,4.6,3.9,3.9,3,2.7,3.2,3.3,3.3,3.3,3.3,3.4,3.4,3.3,3.3,3.3
9/8/2021,3.3,3.3,3.3,3.3,3.3,3.3,3.3,3.3,3.3,3.3,3.3,2.7,2.9,2.9,2.8,3.1,2.9,3,3.2,3.1,3.1,3.1,3.2,3.2,3.1,3,3,3.1,3.1,3.1,3.1,3.2,2.8,2.9,2.8,2.7,2.7,3.1,3.3,3.3,3.3,3.3,3.3,3.4,3.3,3.3,3.3,3.3
9/9/2021,3.3,3.3,3.3,3.3,3.3,3.3,3.3,3.3,3.3,3.3,3.3,3.3,3,3,2.9,2.9,3.3,3.2,3.2,3.2,3.2,3.2,3.2,3.1,3.2,3.3,3.4,3.7,5.7,5.4,5.3,5.5,5.4,5.2,5.2,4.5,4,4.4,3.9,3.3,3.3,3.3,3.3,3.3,3.3,3.3,3.3,3.3
9/10/2021,3.3,3.4,3.4,3.3,3.3,3.3,3.3,3.3,3.3,3.4,3.3,3.3,2.9,2.9,2.9,2.8,3.2,3.2,3.3,3.5,3.3,3.4,3.5,3.5,3.3,3.3,3.3,3.3,3,2.9,2.9,2.9,2.8,2.7,2.7,2.7,2.7,3.1,3.3,3.3,3.3,3.3,3.3,3.3,3.3,3.3,3.3,3.3
9/11/2021,3.3,3.3,3.3,3.3,3.3,3.3,3.4,3.3,3.3,3.3,3.3,2.9,2.7,2.7,2.7,2.7,2.7,3,2.8,2.7,2.8,2.8,2.7,2.7,2.7,2.7,2.8,2.7,2.8,2.7,2.7,2.7,2.7,2.7,2.7,2.7,2.7,3.2,3.3,3.3,3.3,3.3,3.3,3.3,3.3,3.3,3.4,3.3
9/12/2021,3.3,3.3,3.3,3.3,3.3,3.3,3.3,3.2,3.3,3.3,3.3,3.3,2.7,2.7,2.8,2.7,2.7,2.7,2.7,2.7,2.7,2.8,2.7,2.7,2.7,2.8,2.8,2.8,3.1,5,3.8,3.4,2.8,3.3,2.9,2.8,2.7,3.4,3.4,3.3,3.3,3.3,3.3,3.4,3.3,3.3,3.3,3.3
9/13/2021,3.3,3.3,3.3,3.4,3.3,3.3,3.4,3.4,3.3,3.3,3.3,3.3,3.4,3.1,3.1,3.1,3.2,3.1,3.1,3.2,3.2,3.1,3.2,3.1,3.2,3.1,3.2,3.2,3.1,3,3,2.9,2.8,2.8,2.8,2.7,2.9,3.3,3.3,3.3,3.3,3.3,3.3,3.3,3.3,3.3,3.3,3.3
9/14/2021,3.3,3.3,3.3,3.4,3.4,3.3,3.3,3.3,3.4,3.4,3.3,3.3,3.6,3.1,3.2,3.1,3.3,3.2,3.3,3.4,3.4,3.4,3.6,3.4,3.2,3.2,3.3,3.4,3.4,3.2,3.2,3.2,3,2.7,2.8,2.8,2.8,3.3,3.4,3.4,3.4,3.5,3.5,3.4,3.4,3.4,3.4,3.4
9/15/2021,3.4,3.4,3.4,3.4,3.4,3.4,3.4,3.4,3.4,3.4,3.4,3,2.9,2.9,3,2.9,4.9,5.6,5.5,5,3.1,3.2,3.4,3.4,3.1,3.1,3.1,3.2,3,3,3,3,2.9,2.8,2.8,2.8,2.8,3.3,3.4,3.4,3.4,3.4,3.4,3.5,3.4,3.4,3.4,3.4
9/16/2021,3.4,3.4,3.4,3.4,3.4,3.4,3.4,3.4,3.4,3.4,3.4,3,3,2.9,3,3,3,5.6,5.7,5.8,6,4.4,3.3,5.3,5.7,5.8,5.3,4.7,4.4,4.4,3.9,3.1,3.1,3.1,2.9,2.8,2.8,3.3,3.4,3.4,4.8,3.8,3.5,3.4,3.4,3.5,3.4,3.4
9/17/2021,3.4,3.4,3.4,3.4,3.5,3.4,3.4,3.4,3.4,3.4,3.4,3.3,3.1,2.9,3,2.9,2.9,2.9,3,3.1,3.4,3.3,3.1,3,3,3.1,2.9,2.9,2.9,3.2,3.1,3.1,2.9,2.8,2.8,2.8,3.2,3.3,3.3,3.3,3.3,3.3,3.3,3.3,3.3,3.3,3.3,3.4
9/18/2021,3.4,3.3,3.3,3.3,3.3,3.4,3.3,3.3,3.3,3.3,3.4,3.4,2.8,2.7,2.9,2.9,2.8,2.8,2.7,2.9,2.7,2.8,2.8,2.8,2.8,2.7,2.7,2.8,2.8,2.8,2.7,2.7,2.7,2.8,2.7,2.8,3.1,3.4,3.4,3.4,3.3,3.3,3.3,3.3,3.3,3.3,3.3,3.3
9/19/2021,3.3,3.3,3.3,3.3,3.3,3.3,3.3,3.4,3.3,3.3,3.3,3.3,2.7,2.9,2.8,2.9,2.8,2.8,2.8,2.8,2.7,2.8,2.8,2.7,2.7,2.8,2.7,2.9,2.8,2.7,2.8,2.8,2.8,2.8,2.7,2.8,2.7,3.3,3.3,3.3,3.3,3.3,3.3,3.4,3.4,3.3,3.3,3.3
9/20/2021,3.3,3.4,3.3,3.3,3.3,3.3,3.3,3.3,3.3,3.3,3.3,3.2,2.9,2.8,2.9,2.9,3,3.3,3.1,3,3.2,3.1,3.2,3.2,3.1,3,3.1,3,3.3,3.2,3.3,3.2,3.1,3,2.9,2.8,3.1,3.4,3.4,3.3,3.3,3.3,3.4,3.4,3.3,3.3,3.3,3.3
9/21/2021,3.3,3.3,3.3,5.7,5.7,5.9,5.8,5.9,5.9,5.8,5.6,4.9,4.3,4.2,4,3.3,3.5,3.5,3.5,3.6,3.5,3.6,3.4,3.3,3.4,3.4,3.5,3.6,3.5,3.5,3.4,3.4,3.1,3.1,3,3.1,3.1,3.4,3.4,3.4,3.4,3.5,3.4,3.4,3.3,3.3,3.4,3.4
9/22/2021,3.4,3.4,3.5,3.4,3.4,3.3,3.4,3.4,3.3,3.4,3.4,3.3,3.2,3.2,3.3,3.3,3.4,3.6,3.6,3.4,3.6,3.5,3.4,3.3,3.4,3.4,3.5,3.3,3.7,3.5,3.4,3.2,3.1,2.8,2.8,2.8,2.8,3.3,3.3,3.3,3.4,3.4,3.3,3.3,3.4,3.3,3.3,3.3
9/23/2021,3.4,3.3,3.3,3.3,3.3,3.3,3.3,3.3,3.4,3.3,3.3,3.3,3.3,2.9,2.9,2.9,3,3.1,3.2,3.2,3.4,3.2,3.1,3.1,3.2,3.3,5.6,5.4,5.5,5.6,5.6,5.2,4.3,4.1,4.1,3,3.2,3.4,3.5,3.5,3.4,3.4,3.5,3.4,3.4,3.4,3.5,3.4
9/24/2021,3.4,3.4,3.5,3.4,3.5,3.4,3.4,3.4,3.4,3.4,3.4,3.4,3.2,3.4,3.3,3.3,3.2,3.2,3.2,3.2,3.4,3.3,3.3,3.3,3.2,3.3,3.2,3.4,3.3,3.3,3.2,3.2,3.1,2.8,2.8,2.7,3.3,3.3,3.4,3.3,3.4,3.3,3.3,3.3,3.4,3.3,3.3,3.4
9/25/2021,3.4,3.4,3.4,3.4,3.4,3.4,3.3,3.4,3.4,3.4,3.3,3.4,3.1,2.9,2.9,2.9,2.8,2.9,2.8,2.9,2.8,2.9,2.9,2.9,2.8,2.8,2.9,2.9,2.8,2.8,2.8,2.8,2.9,2.8,2.8,2.7,3.1,3.4,3.3,3.3,3.4,3.4,3.3,3.3,3.3,3.4,3.3,3.3
9/26/2021,3.3,3.4,3.3,3.3,3.4,3.3,3.4,3.4,3.4,3.3,3.3,3.3,3.1,2.8,2.7,2.8,2.8,2.8,2.7,2.8,2.8,2.8,2.7,2.8,2.7,2.8,2.8,2.8,2.8,2.8,2.8,2.8,2.8,2.8,2.8,2.9,3.3,3.4,3.6,3.4,3.3,3.4,3.4,3.4,3.3,5.5,5.8,5.8
9/27/2021,5.9,5.8,5.4,4.7,4.5,4.5,3.4,3.4,3.4,3.4,3.4,3.4,3.7,3.4,3.3,3.3,3.6,3.5,3.5,3.4,3.5,3.5,3.3,3.5,3.4,3.3,3.3,3.4,3.4,3.3,3.3,3.5,3.2,3.1,3.1,3.1,3.4,3.4,3.5,3.4,3.4,3.4,3.5,3.4,3.4,3.4,3.5,3.9
9/28/2021,4.2,3.6,4,3.5,3.5,3.5,3.5,3.5,3.5,3.5,3.5,3.6,3.4,3.4,3.3,3.3,3.7,4.2,4.4,4.4,4.5,4.5,4,3.8,4.1,4.2,4.3,4.1,4.1,4.2,4.2,4.2,3.6,3,3,3.1,3.5,3.6,3.6,3.5,3.5,3.6,3.5,3.5,3.4,3.4,3.5,3.5
9/29/2021,3.5,3.4,3.5,3.5,3.4,3.4,3.5,3.6,3.5,3.5,3.5,3.6,3.7,3.2,3.3,3.6,4.7,4.6,4.6,4.5,4.8,4.8,4.8,5,4.7,6.9,6.8,6.9,6.5,5.8,5.9,5,4.1,3,3,2.9,3.5,3.5,3.5,3.5,3.5,3.5,3.5,3.5,3.5,3.5,3.5,3.5
9/30/2021,3.5,3.5,3.5,3.5,3.5,3.5,3.6,3.5,3.4,3.5,3.5,3.5,3.6,3.3,3.3,3.7,4.2,4.4,4.2,3.9,3.4,3.4,3.4,3.3,3.5,3.5,3.3,3.4,3.3,3.4,3.5,3.4,3.3,3.2,3,3.4,3.6,3.6,3.6,3.6,3.7,3.6,3.6,3.6,3.5,3.6,3.5,3.5
10/1/2021,3.4,3.5,3.5,3.5,3.5,3.5,3.5,3.5,3.5,3.5,3.5,3.7,3.9,3.2,3.2,3.3,3.3,3.3,3.4,3.3,3.4,3.4,3.5,3.4,3.5,3.4,3.4,3.4,3.5,3.4,3.5,3.5,3.2,3,3,3.1,3.6,3.6,3.7,3.5,3.6,3.5,3.6,3.5,3.6,3.5,3.6,3.6
10/2/2021,3.6,3.6,3.6,3.6,3.5,3.6,3.5,3.6,3.6,3.6,3.6,3.6,3.6,3,3.2,3,2.9,2.9,2.9,2.9,2.9,2.9,2.9,2.9,2.9,2.9,2.9,2.9,3.1,2.9,3,2.9,3,3,2.9,3.4,3.4,3.5,3.4,3.4,3.5,3.5,3.5,3.5,3.4,3.4,3.4,3.5
10/3/2021,3.5,3.4,3.4,3.4,3.4,3.4,3.5,3.4,3.4,3.5,3.5,3.4,3.3,3,2.9,3,3,2.9,2.9,2.9,2.9,2.9,2.8,2.9,2.9,2.9,2.9,2.9,2.8,4.6,5.3,5.4,5.4,5.1,4.4,4.1,4.5,4.4,3.5,3.5,3.5,3.4,3.5,3.4,3.5,3.5,3.4,3.5
10/4/2021,3.4,3.5,3.4,3.4,3.5,3.5,3.5,3.5,3.4,3.5,3.5,3.5,3.6,3.3,3.3,3.4,3.4,3.6,4.1,4.1,4.1,4.1,4.4,4.2,4.4,4.2,4.2,4.1,4.3,4.1,4.2,4,4,3.8,4,4.1,4.2,4.1,4.2,4.2,4.1,4.2,4.2,4.2,4.2,4.2,4.2,4.2
10/5/2021,4.1,4.1,4.1,4.2,4.1,4.1,4.1,4.2,4.2,4.1,4.2,4.3,4.6,4.2,4.2,5.2,5.2,5.1,5.2,5.4,5.8,5.9,6,5.7,5.3,4.3,3.7,3.3,4,4.6,4.1,4,3.9,3.7,3.6,3.6,3.4,3.4,3.4,3.4,3.4,3.5,3.5,3.4,3.4,3.4,3.4,3.4
10/6/2021,3.4,3.4,3.4,3.4,3.4,3.4,3.4,3.4,3.4,3.5,3.4,3.4,3.3,3.1,3.2,3.4,3.8,3.7,4.2,3.7,3.6,3.6,3.6,3.5,3.6,3.5,3.4,3.6,5.8,6,5.1,4.8,5.4,5.4,5.5,5.5,4.7,4.6,4.5,3.8,3.4,3.5,3.4,3.4,3.5,3.5,3.4,3.4
10/7/2021,3.4,3.4,3.4,3.4,3.5,3.4,3.4,3.4,3.4,3.4,3.5,3.5,3.6,3,3.2,3.1,3.2,3.1,3.3,3.4,3.4,3.3,3.4,3.3,3.4,3.4,3.5,3.7,3.5,3.4,3.1,3.2,3,2.9,2.9,3.4,3.4,3.5,3.4,3.4,3.4,3.4,3.4,3.4,3.4,3.4,3.4,3.4
10/8/2021,3.4,3.4,3.4,3.4,3.4,3.4,3.4,3.4,3.4,3.4,3.4,3.4,3.4,2.9,3,3,3.4,3.5,3.6,3.5,3.5,3.5,3.6,3.5,3.4,3.4,3.4,3.3,3.6,3.5,3.6,3.5,3.2,3.1,3.1,3.5,3.7,3.5,3.5,3.5,3.5,3.5,3.5,3.5,3.5,3.5,3.5,3.5
10/9/2021,3.5,3.5,3.4,3.5,3.4,3.5,3.5,3.5,3.5,3.5,3.4,3.5,3.2,2.9,2.9,2.9,2.8,2.9,2.9,2.9,2.9,2.9,2.9,2.9,4.4,5.3,5.3,5.3,5.3,5.4,5.3,4.8,4.1,4,4,3.4,3.5,3.5,3.5,3.5,3.5,3.5,3.5,3.5,3.5,3.5,3.5,3.5
10/10/2021,3.5,3.5,3.5,3.4,3.5,3.5,3.5,3.4,3.5,3.5,3.5,3.5,3.5,2.9,2.9,3.1,3.1,2.9,2.8,2.9,2.9,3,2.9,3,2.9,2.9,2.9,3,2.9,2.9,3,3,2.9,2.9,2.8,3.1,3.4,3.4,3.4,3.4,3.4,3.4,3.4,3.4,3.3,3.4,3.4,3.4
10/11/2021,3.3,3.4,3.4,3.4,3.6,3.5,3.5,3.4,3.4,3.4,3.4,3.5,3.7,3.4,3.3,3.4,3.5,3.5,3.7,3.6,3.5,3.7,3.8,3.4,3.4,3.5,3.5,3.5,3.5,3.4,3.4,3.1,3.1,3.2,3.1,3.4,3.6,3.5,3.5,3.5,3.5,3.5,3.5,3.5,3.5,3.5,3.5,3.5
10/12/2021,3.5,3.5,3.5,3.5,3.5,3.5,3.5,3.5,3.5,3.5,3.5,3.5,3.7,3.3,3.1,3.2,3.5,3.7,3.6,3.5,3.7,3.6,3.6,3.5,3.6,3.7,3.6,3.7,3.8,3.9,3.8,3.8,3.5,3.2,3,3.3,3.5,3.5,3.5,3.5,3.5,3.5,3.5,3.5,3.5,3.5,3.5,3.5
10/13/2021,3.5,3.5,3.5,3.5,3.5,3.5,3.4,3.5,3.5,3.5,3.5,3.5,3.7,3.4,3,3.4,5.5,5.8,4.3,3.7,3.8,3.9,3.8,3.9,3.8,3.5,3.6,3.8,3.9,3.8,3.7,4.2,5.8,5.5,5.5,5.9,5.9,6,6,5.8,5.4,4.9,4.7,4.7,3.7,3.5,3.5,3.5
10/14/2021,3.5,3.5,3.5,3.5,3.5,3.5,3.5,3.5,3.5,3.5,3.5,3.5,3.7,3.3,3.1,3.2,3.4,3.3,3.3,3.6,3.4,3.4,3.4,3.5,3.4,3.4,3.6,3.7,3.5,3.4,3.2,3.1,3.1,3,3.1,3.5,3.5,3.4,3.4,3.4,3.4,3.4,3.4,3.4,3.4,3.4,3.4,3.4
10/15/2021,3.4,3.4,3.4,3.5,3.4,3.4,3.4,3.4,3.4,3.5,3.4,3.4,3.6,3.3,3.3,3.3,3.5,3.6,3.6,3.5,3.9,3.6,3.5,3.4,3.4,3.4,3.4,3.4,3.5,3.4,3.4,3.4,3.1,2.9,2.9,3.4,3.4,3.3,3.3,3.4,3.3,3.4,3.4,3.4,3.3,3.4,3.3,3.3
10/16/2021,3.3,3.3,3.4,3.3,3.3,3.4,3.4,3.3,3.4,3.3,3.3,3.4,3.4,3.2,2.8,2.8,2.8,2.9,2.9,2.9,2.9,2.9,2.8,2.8,2.8,2.8,2.8,2.8,2.9,2.8,2.8,2.8,2.8,2.8,3.1,3.4,3.4,3.4,3.4,3.4,3.4,3.4,3.4,3.4,3.4,3.4,3.4,3.4
10/17/2021,3.4,3.4,3.4,3.4,3.4,3.4,3.4,3.4,3.4,3.4,3.4,3.4,3.4,3.4,2.8,2.8,2.8,2.8,2.8,3.1,2.8,2.8,2.8,2.8,2.8,2.8,2.8,2.8,2.8,2.8,2.8,2.8,2.8,3.4,3.4,3.3,3.3,3.3,3.3,3.3,3.3,3.3,3.3,3.3,3.3,3.3,3.3,3.3
10/18/2021,3.3,3.3,3.3,3.3,3.3,3.3,3.3,3.3,3.3,3.3,3.3,3.3,3.5,3.4,3,3.1,3.2,3.2,3.3,3,3.1,3.2,3.3,3.4,3.4,3.4,3.4,3.3,3.3,3.1,3.1,3.2,2.9,2.7,2.8,3.3,3.3,3.2,3.2,3.3,3.3,3.2,3.3,3.3,3.3,3.2,3.3,3.3
10/19/2021,3.3,3.3,3.3,3.2,3.3,3.3,3.3,3.2,3.3,3.3,3.3,3.3,3.5,3.4,3.1,3.1,3.2,3.2,3.2,3.2,3.3,3.5,3.5,3.6,3.5,3.2,4.4,5.5,5.6,5.6,5.8,6,5.6,5.2,5,4.7,4.5,4.5,3.6,3.3,3.3,3.3,3.3,3.3,3.3,3.3,3.3,3.3
10/20/2021,3.3,3.3,3.3,3.3,3.3,3.3,3.3,3.3,3.3,3.5,3.4,3.2,3.4,3.4,3.1,3,3.1,3,3.2,3.1,3.1,3.5,3.3,3.3,3.2,3.4,3.3,3.3,3.3,3.1,3.2,3.1,3,2.8,3,3.3,3.3,3.3,3.3,3.3,3.3,3.2,3.3,3.3,3.3,3.3,3.3,3.3
10/21/2021,3.3,3.3,3.3,3.3,3.3,3.3,3.3,3.3,3.3,3.3,3.3,3.3,3.6,3.4,2.9,2.9,2.9,3,3.1,3.3,3.3,3.1,3,3,3,3,2.9,3.2,3.2,3.1,3.3,3.1,2.9,2.8,3.2,3.3,3.3,3.3,3.3,3.3,3.3,3.3,3.3,3.3,3.3,3.3,3.3,3.3
10/22/2021,3.3,3.3,3.3,3.3,3.3,3.3,3.3,3.3,3.3,3.3,3.3,3.3,3.5,3.4,3.1,2.9,2.9,3.2,2.9,3,3,3,3,3.1,3.2,3.1,3.3,3.1,3.2,3.1,3,3,2.8,2.8,3.3,3.4,3.3,3.4,3.3,3.4,3.4,3.4,3.3,3.3,3.4,3.4,3.3,3.4
10/23/2021,3.4,3.3,3.4,3.3,3.4,3.4,3.4,3.4,3.4,3.3,3.4,3.4,3.4,3.1,2.8,2.8,2.8,2.8,2.8,2.8,2.9,2.9,2.8,2.8,2.7,2.8,2.8,2.8,2.8,2.8,2.8,2.7,2.8,2.9,3.4,3.3,3.4,3.4,3.4,3.3,3.4,3.4,3.4,3.4,3.4,3.4,3.3,3.4
10/24/2021,3.4,3.4,3.3,3.4,3.4,3.4,3.4,3.3,3.4,3.3,3.4,3.4,3.4,3.3,2.9,2.8,2.8,2.8,2.8,2.8,2.8,2.8,2.8,2.8,2.7,2.8,2.8,2.8,2.7,2.8,2.8,2.8,2.8,2.8,3,3.3,3.3,3.3,3.3,3.3,3.4,3.3,3.3,3.3,3.3,3.3,3.4,3.3
10/25/2021,3.3,3.3,3.3,3.3,3.3,3.3,3.3,3.3,3.3,3.3,3.3,3.3,3.5,3.4,2.9,3.1,3.1,3.2,3.1,3.1,3.3,3.1,3.2,3.1,3.1,3.5,3.1,3.1,3.1,3,3.1,3,3,3,3.5,3.5,3.4,3.4,3.4,3.3,3.4,3.4,3.4,3.3,3.3,3.3,3.4,3.3
10/26/2021,3.3,3.3,3.3,3.3,3.5,3.4,3.4,3.3,3.3,3.3,3.3,3.3,3.6,3.8,3.4,3.2,4.1,5.7,4.3,3.3,3.3,3.4,3.4,3.2,3.3,4.8,5.4,4.8,5.9,6,5.6,3.5,5.5,5.5,6,5.8,5.5,4.9,4.7,3.5,3.4,3.4,3.4,3.4,3.4,3.4,3.4,3.4
10/27/2021,3.3,3.4,3.4,3.4,3.3,3.4,3.3,3.4,3.4,3.4,3.4,3.4,3.7,3.5,3.2,3.1,3.2,3.4,3.4,3.5,3.7,3.5,3.7,3.6,3.4,3.5,3.3,3.3,3.4,3.2,3.2,3,3,3.1,3.6,3.4,3.4,3.3,3.4,3.4,3.4,3.3,3.4,3.4,3.4,3.4,3.4,3.4
10/28/2021,3.3,3.3,3.4,3.3,3.3,3.3,3.4,3.3,3.5,3.4,3.4,3.3,3.7,3.7,3.2,3.2,3.2,3.2,3.4,3.5,3.7,3.8,3.8,3.7,3.4,3.6,3.6,3.5,3.3,3.3,3.3,3.2,3.1,3.4,3.6,3.5,3.5,3.3,3.4,3.3,3.4,3.4,3.4,3.3,3.3,3.4,3.4,3.3
10/29/2021,3.3,3.3,3.4,3.3,3.4,3.4,3.3,3.3,3.3,3.4,3.3,3.4,3.7,3.7,3.2,3.2,3.5,3.3,3.5,3.5,3.5,3.4,3.3,3.4,3.4,3.5,5.4,5.8,5.8,5.8,5.9,5.6,4.7,4.1,4.6,4.2,3.3,3.3,3.4,3.3,3.3,3.4,3.3,3.4,3.3,3.4,3.4,3.4
10/30/2021,3.4,3.4,3.3,3.3,3.4,3.3,3.3,3.3,3.3,3.3,3.3,3.4,3.5,3.5,3.5,2.8,2.8,2.8,2.8,2.8,2.8,2.8,2.8,2.8,2.8,2.8,2.8,2.8,2.8,2.8,2.8,2.8,2.8,2.8,3.4,3.4,3.4,3.4,3.3,3.4,3.3,3.3,3.4,3.3,3.3,3.3,3.3,3.4
10/31/2021,3.3,3.4,3.4,3.3,3.3,3.3,3.4,3.4,3.3,3.3,3.3,3.4,3.4,3.4,3.4,3.4,3,2.8,2.8,2.8,2.8,2.9,2.8,2.8,2.8,2.9,2.8,2.8,2.8,2.8,2.8,2.8,2.9,3.4,3.4,3.4,3.4,3.4,3.4,3.4,3.4,3.4,3.4,3.4,3.4,3.4,3.4,3.4
11/1/2021,3.3,3.4,3.4,3.4,3.3,3.3,3.3,3.4,3.3,3.3,3.3,3.3,3.4,3.3,3.4,3.4,3.4,3.5,3.4,3.6,3.6,3.6,3.6,3.4,3.3,3.4,3.3,3.4,3.4,3.3,3.5,3.3,3.3,3.5,3.6,3.5,3.3,3.3,3.3,3.3,3.3,3.3,3.3,3.3,3.3,3.3,3.3,3.4
11/2/2021,3.3,3.3,3.3,3.3,3.3,3.3,3.3,3.3,3.3,3.3,3.3,3.3,3.3,3.3,3.2,3,3.2,3.3,3.3,3.3,3.4,3.3,3.5,3.3,3.3,3.3,3.4,3.4,3.5,3.3,3.5,3.3,3.3,3.5,4,3.6,3.6,3.6,3.5,3.4,3.4,3.4,3.4,3.4,3.4,3.4,3.4,3.4
11/3/2021,3.3,3.4,3.3,3.4,3.3,3.4,3.3,3.4,3.3,3.4,3.4,3.4,3.3,3.3,3.3,3.2,3.1,3.3,3.8,3.6,3.3,3.4,3.3,3.3,3.3,3.3,3.3,3.6,3.6,3.4,3.4,3.4,3.4,3.8,3.7,3.6,3.5,3.4,3.3,3.3,3.3,3.3,3.3,3.3,3.3,3.3,3.3,3.3
11/4/2021,3.3,3.3,3.3,3.3,3.3,3.3,3.3,3.3,3.3,3.3,3.3,3.3,3.3,3.3,3.4,3.1,3.1,3.1,3.2,3.3,3.3,3.4,3.4,3.5,3.3,4.7,5.6,5.6,4.3,3.3,3.4,3.2,3,3.3,3.5,3.5,3.5,3.5,3.4,3.3,3.3,3.3,3.3,3.3,3.3,3.6,5.7,5.7
11/5/2021,5.7,5.7,5.8,5.8,5.5,5.1,4.7,4.5,4.5,3.9,3.3,3.3,3.3,3.3,3.1,2.8,2.9,3,3.1,3.1,3.1,3.1,3.2,3.2,3.1,3,3.1,3.3,3.3,3.2,3.2,3.1,3.1,3.7,3.6,3.4,3.3,3.3,3.2,3.3,3.2,3.3,3.3,3.3,3.2,3.3,3.2,3.3
11/6/2021,3.3,3.3,3.2,3.3,3.3,3.3,3.2,3.3,3.3,3.2,3.2,3.3,3.3,3.3,3.3,2.9,2.9,2.7,2.7,2.7,2.7,2.7,2.6,2.7,2.7,2.7,2.7,2.7,2.7,2.7,2.7,2.7,2.8,3.1,3.4,3.2,3.3,3.3,3.3,3.2,3.3,3.3,3.3,3.2,3.3,3.3,3.3,3.2
11/7/2021,3.3,3.3,3.3,3.2,3.3,3.3,3.3,3.2,3.3,3.3,3.3,3.2,3.2,3.2,3.3,2.7,2.7,2.7,2.8,2.7,2.7,2.8,2.8,2.7,2.7,2.7,2.7,2.7,2.7,2.7,2.7,2.8,2.7,3.1,3.3,3.3,3.3,3.2,3.2,3.2,3.3,3.3,3.2,3.2,3.3,3.3,3.2,3.3
11/8/2021,3.3,3.3,3.2,3.2,3.3,3.3,3.2,3.2,3.2,3.3,3.3,3.2,3.3,3.3,3.5,3.1,3,3.1,3.1,3.1,3.2,3.1,3.3,3.2,3.2,3.2,3.3,3.2,3.2,3.2,3.2,3.3,3.2,3.5,3.5,3.3,3.3,3.3,3.3,3.3,3.3,3.3,3.4,3.3,3.3,3.3,3.4,3.3
11/9/2021,3.3,3.3,3.3,3.3,3.3,3.3,3.3,3.3,3.3,3.3,3.3,3.3,3.3,3.5,3.6,3.4,3.3,3.5,3.6,3.6,3.5,3.4,3.4,3.6,3.5,3.3,3.5,3.5,3.4,3.6,3.6,3.6,3.8,4.2,3.8,3.5,3.5,3.5,3.5,3.3,3.3,3.3,3.3,3.3,3.3,3.3,3.3,3.3
11/10/2021,3.3,3.3,3.3,3.3,3.4,3.4,3.4,3.4,3.4,3.4,3.3,3.4,3.4,3.4,3.6,3.3,3.6,5.4,5.2,3.3,3.3,3.2,3.3,3.3,3.4,3.3,3,3.1,5.1,5.5,5.5,5,5.9,6.2,6,5.9,5.6,5.1,4.7,4.5,4.5,3.3,3.5,3.3,3.3,3.3,3.4,3.4
11/11/2021,3.3,3.3,3.4,3.3,3.3,3.4,3.5,3.3,3.3,3.3,3.4,3.3,3.3,3.3,3.7,3.2,3.1,3.2,3.2,3.2,3.4,3.2,3.3,3.5,3.8,3.6,3.7,3.7,3.6,3.7,3.6,3.4,3.9,3.9,3.6,3.3,3.3,3.3,3.4,3.3,3.3,3.3,3.3,3.3,3.3,3.3,3.3,3.3
11/12/2021,3.3,3.3,3.3,3.3,3.3,3.4,3.3,3.3,3.3,3.3,3.3,3.3,3.3,3.5,3.6,3.4,3.2,3.2,3.1,3.1,3.2,3.1,3.2,3.2,3.2,3.3,3.1,3.3,4,5.6,5.9,5.8,5.9,6.3,6.1,5.8,4.9,4.5,4.5,3.8,3.3,3.4,3.4,3.3,3.4,3.4,3.4,3.4
11/13/2021,3.4,3.4,3.4,3.4,3.4,3.4,3.3,3.4,3.4,3.5,3.4,3.4,3.3,3.3,3.3,3.2,2.9,2.8,2.8,2.7,2.7,2.8,2.8,2.8,2.9,2.8,2.7,2.7,2.8,2.8,2.8,2.8,3,3.4,3.3,3.4,3.4,3.3,3.4,3.3,3.3,3.3,3.3,3.3,3.4,3.4,3.4,3.3
11/14/2021,3.3,3.3,3.4,3.3,3.3,3.3,3.3,3.3,3.3,3.4,3.3,3.3,3.4,3.3,3.3,2.9,2.8,2.8,2.8,2.8,2.8,2.9,2.9,2.8,2.8,2.8,2.8,2.8,2.8,2.8,2.8,2.9,2.8,3.3,3.4,3.3,3.4,3.3,3.3,3.3,3.3,3.3,3.4,3.3,3.3,3.3,3.4,3.3
11/15/2021,3.3,3.3,3.3,3.3,3.3,3.3,3.3,3.3,3.3,3.3,3.4,3.3,3.3,3.3,3.4,2.9,3,2.9,3.1,3.2,3.2,3.3,3.5,3.6,3.4,3.4,3.3,3.4,3.5,3.4,3.3,3.2,3.7,3.8,3.5,3.3,3.3,3.3,3.3,3.3,3.3,3.3,3.3,3.3,3.4,3.4,3.3,3.4
11/16/2021,3.3,3.3,3.3,3.3,3.3,3.3,3.3,3.4,3.3,3.3,3.3,3.3,3.3,3.3,3.5,2.9,3.1,3,3.1,3.2,5.2,5.7,5.6,3.5,3.3,3.2,3.2,3.2,3.2,3.5,5.2,6,5.9,6.6,6,5.3,4.7,4.6,4.4,3.3,3.3,3.4,3.4,3.3,3.3,3.3,3.4,3.4
11/17/2021,3.3,3.3,3.3,3.3,3.4,3.3,3.4,3.4,3.4,3.4,3.4,3.3,3.3,3.3,3.5,3.4,3,3,3.2,3.3,3.4,3.3,3.2,3.2,3.3,3.4,3.1,3.1,3.2,3.2,3.1,3.3,3.7,3.7,3.6,3.6,3.5,3.4,3.4,3.3,3.3,3.3,3.4,3.3,3.4,3.4,3.3,3.4
11/18/2021,3.4,3.4,3.3,3.3,3.3,3.4,3.4,3.3,3.4,3.4,3.3,3.3,3.3,3.4,3.5,3.2,2.9,3.3,3.1,3.1,3,3.1,3,3.3,3.2,3.3,3.2,3.4,3.5,3.4,3.3,3.3,3.2,3.6,3.4,3.4,3.3,3.3,3.3,3.3,3.3,3.3,3.3,3.3,3.3,3.3,3.3,3.3
11/19/2021,3.3,3.3,3.3,3.3,3.3,3.3,3.3,3.3,3.3,3.3,3.3,3.3,3.3,3.3,3.6,3,2.9,2.9,4,5.3,5.4,5.4,5.4,5.6,5.5,5.5,5.1,4.4,4.1,4.1,3.8,3.2,3.1,3.6,3.5,3.5,3.4,3.3,3.3,3.3,3.3,3.3,3.3,3.3,3.3,3.3,3.3,3.3
11/20/2021,3.3,3.3,3.3,3.3,3.3,3.3,3.3,3.3,3.3,3.3,3.3,3.3,3.3,3.3,3.3,3.2,2.7,2.9,2.8,2.8,2.7,2.7,2.7,2.7,2.7,2.7,2.7,2.7,2.7,2.7,2.8,2.7,2.9,3.3,3.3,3.3,3.3,3.3,3.3,3.3,3.3,3.3,3.3,3.3,3.6,3.4,3.3,3.3
11/21/2021,3.3,3.3,3.3,3.3,3.3,3.3,3.3,3.3,3.3,3.3,3.3,3.3,3.3,3.3,3.3,2.9,2.7,2.7,2.7,2.6,2.6,2.7,2.8,2.7,2.7,2.7,2.7,2.7,2.7,2.7,2.8,2.7,2.7,3.3,3.3,3.3,3.3,3.3,3.3,3.3,3.3,3.3,3.3,3.3,3.3,3.3,3.3,3.3
11/22/2021,3.3,3.3,3.3,3.3,3.3,3.3,3.3,3.3,3.3,3.3,3.3,3.3,3.4,3.4,3.6,3.2,3.1,3.3,3.3,3.2,3,3.2,3.1,3.2,3.2,3.1,3.1,3.2,3.2,3.1,3.2,3.1,3,3.5,3.4,3.3,3.3,3.3,3.3,3.3,3.2,3.3,3.3,3.3,3.3,3.3,3.3,3.2
11/23/2021,3.3,3.2,3.3,3.3,3.3,3.3,3.3,3.3,3.3,3.2,3.3,3.3,3.3,3.2,3.5,3.5,3.6,3.4,3.7,3.7,3.5,3.7,3.6,3.6,3.7,4,6.1,5.8,4.7,3.7,4.3,6.1,6.8,6.5,6.1,6.1,5.8,5,4.5,4.4,4.2,3.3,3.4,3.3,3.3,3.3,3.3,3.3
11/24/2021,3.4,3.3,3.3,3.3,3.4,3.4,3.3,3.3,3.3,3.3,3.7,3.5,3.4,3.3,3.5,3.6,3,3.3,3.3,3.4,3.4,3.6,3.4,3.5,3.4,3.4,3.4,3.6,3.3,3.3,3.4,3.8,3.7,3.7,3.6,3.5,3.4,3.3,3.3,3.2,3.3,3.3,3.3,3.3,3.3,3.3,3.3,3.3
11/25/2021,3.3,3.3,3.3,3.3,3.4,3.4,3.3,3.3,3.3,3.3,3.3,3.3,3.4,3.3,3.7,3.5,3.2,3,3,3.1,3.2,3.1,3.2,3.2,4.2,5.7,5.5,5.5,5.2,4.2,3.2,3.1,3.6,3.6,3.5,3.4,3.4,3.3,3.4,3.4,3.4,3.4,3.5,3.4,3.3,3.4,3.4,3.4
11/26/2021,3.4,3.4,3.4,3.3,3.4,3.4,3.5,3.3,3.3,3.4,3.4,3.4,3.3,3.4,3.5,3.8,3.3,3,3.3,3.1,3.1,3.1,4.6,5.5,5.6,5.7,4.6,3.1,3.2,3.1,3,3,3.3,3.6,3.6,3.5,3.4,3.3,3.3,3.3,3.3,3.4,3.3,3.3,3.3,3.3,3.4,3.3
11/27/2021,3.3,3.3,3.3,3.3,3.3,3.3,3.3,3.4,3.3,3.3,3.3,3.3,3.4,3.3,3.3,3.3,2.9,2.8,2.7,2.7,3,2.8,2.8,2.8,2.9,2.8,2.8,2.8,2.8,2.8,2.8,2.9,3.2,3.4,3.5,3.4,3.4,3.3,3.3,3.4,3.3,3.3,3.3,3.4,3.3,3.3,3.3,3.3
11/28/2021,3.4,3.4,3.3,3.3,3.4,3.3,3.3,3.3,3.4,3.4,3.3,3.3,3.3,3.4,3.3,3.2,2.7,4.2,5,4.2,3.8,3.7,3.5,3.4,3.1,3.4,3,2.9,2.9,3.2,2.9,3.3,3.4,3.4,3.3,3.4,3.4,3.3,3.3,3.3,3.3,3.3,3.3,3.4,3.4,3.3,3.3,3.3
11/29/2021,3.4,3.3,3.3,3.3,3.3,3.3,3.4,3.7,3.8,3.5,3.4,3.3,3.3,3.3,3.6,3.4,3.2,3.1,3.2,3.5,3.4,3.3,3.2,3,3.1,3.1,3.1,3.1,3.1,3.1,3.1,3.1,3.6,3.6,3.5,3.4,3.4,3.3,3.3,3.3,3.3,3.3,3.3,3.3,3.3,3.3,3.3,3.3
11/30/2021,3.3,3.3,3.3,3.3,3.3,3.3,3.3,3.3,3.3,3.3,3.3,3.3,3.3,3.3,3.6,3.5,3.1,3.1,3.2,3.3,3.4,3.4,3.3,3.3,3.1,3.2,3.3,3.5,3.5,3.5,3.4,3.3,3.6,3.8,3.5,3.4,3.4,3.3,3.3,3.3,3.3,3.4,3.4,3.4,3.5,3.4,3.4,3.4
12/1/2021,1.9,1.9,1.9,1.9,1.9,1.9,1.9,1.9,1.9,1.9,1.9,1.9,1.9,1.9,1.9,1.9,1.8,1.3,1.3,1.3,1.3,1.3,1.3,1.3,1.3,1.3,1.3,1.3,1.3,1.3,1.4,1.3,1.4,1.9,1.9,1.9,1.9,1.9,1.9,1.9,1.9,1.9,1.9,1.9,1.9,1.9,1.9,1.9
12/2/2021,1.9,1.9,1.9,1.9,1.9,1.9,1.9,1.9,1.9,1.9,1.9,1.9,1.9,1.9,1.9,1.9,2.3,2.9,2.4,2.5,2.7,2.7,2.8,2.7,2.7,2.8,2.9,2.8,2.8,2.8,2.8,2.8,3.3,3.4,3.4,3.4,3.4,3.4,3.4,3.4,3.4,3.4,3.4,3.4,3.4,3.4,3.4,3.4
12/3/2021,3.4,3.4,3.4,3.4,3.4,3.4,3.4,3.4,3.4,3.5,3.4,3.4,3.4,3.4,3.4,3.5,3.5,3.2,2.8,2.9,2.9,2.8,2.8,2.8,2.8,2.8,2.8,2.8,2.8,2.8,2.9,2.9,3.3,3.4,3.3,3.3,3.3,3.3,3.4,3.6,3.6,3.6,3.6,3.6,3.6,3.6,3.6,3.6
12/4/2021,3.7,3.6,3.6,3.6,3.6,3.6,3.6,3.6,3.6,3.6,3.6,3.6,3.6,3.6,3.9,3.8,4,3.5,3.5,3.5,3.6,3.5,3.5,3.5,3.7,3.7,3.7,3.6,3,3.4,3.9,4.2,4.1,4.1,4.2,4.2,3.9,3.1,3.1,3.2,3.2,3.1,3.2,3.2,3.1,3.1,3.1,3.2
12/5/2021,3.2,3.1,3.1,3.2,3.2,3.2,3.2,3.2,3.2,3.1,3.2,3.2,3.2,3.1,3.5,3.3,3.3,3.2,3,3.4,3.5,3.1,3.4,3.5,3.5,3.4,3.4,3.4,3.1,3.1,3.1,3.5,3.4,4.2,3.4,3.2,3.2,3.2,3.2,3.2,3.3,3.4,3.3,3.3,3.3,3.3,3.3,3.3
12/6/2021,3.3,3.3,3.3,3.3,3.3,3.3,3.3,3.3,3.3,3.3,3.3,3.3,3.3,3.3,3.5,3.4,3.4,3.3,3.1,3.2,3.1,3.1,3.1,3.1,3.1,3,3.1,3.2,3.3,3.2,3.3,3.2,3.2,3.8,3.7,3.7,3.3,3.2,3.2,3.2,3.2,3.2,3.2,3.2,3.2,3.2,3.2,3.2
12/7/2021,3.2,3.2,3.2,3.2,3.2,3.2,3.2,3.2,3.2,3.2,3.2,3.2,3.2,3.2,3.4,3.5,3.4,2.9,3,3.1,3,3.1,3,3,3.1,3,3.1,3.2,3.6,3.8,4.1,3.3,5.7,6,5.7,5.7,5.7,5.5,5,4.5,4.3,4.2,3.7,3.2,3.2,3.2,3.2,3.2
12/8/2021,3.2,3.2,3.3,3.2,3.3,3.2,3.2,3.3,3.2,3.2,3.2,3.3,3.2,3.2,3.5,3.5,3.5,3.8,3.8,3.4,3.2,3.1,3.1,3.1,3.1,3,3.1,3.1,4.9,5.5,5.5,5.3,4.6,4.5,4.2,3.4,3.4,3.3,3.4,3.2,3.2,3.2,3.2,3.2,3.2,3.2,3.2,3.2
12/9/2021,3.2,3.2,3.2,3.2,3.2,3.2,3.2,3.2,3.2,3.3,3.2,3.3,3.3,3.4,3.4,3.2,3,2.6,2.6,2.7,2.7,2.7,2.7,2.7,2.7,2.7,2.7,2.7,2.7,2.8,2.7,2.7,2.7,3.1,3.3,3.3,3.3,3.3,3.3,3.3,3.3,3.3,3.3,3.3,3.3,3.3,3.3,3.3
12/10/2021,3.3,3.3,3.3,3.3,3.3,3.3,3.3,3.3,3.2,3.3,3.3,3.3,3.3,3.3,3.3,3.3,3.3,2.9,2.7,2.7,2.7,2.7,2.7,2.7,2.7,2.7,2.7,2.7,2.7,2.8,2.9,2.8,2.8,3.3,3.3,3.3,3.2,3.3,3.3,3.3,3.3,3.3,3.3,3.2,3.3,3.3,3.3,3.3
12/11/2021,3.3,3.3,3.3,3.3,3.3,3.3,3.3,3.3,3.3,3.3,3.3,3.4,3.5,3.7,3.5,3.5,3.7,3.9,4.2,4.3,4.3,4.8,4.5,4.4,4.4,3.9,3.7,3.9,4.6,4.4,6.7,7,6.2,5.3,4.8,4.6,3.8,3.7,3.8,3.8,3.8,3.8,3.8,3.7,3.7,3.7,3.7,3.7
12/12/2021,3.7,3.7,3.8,3.7,3.7,3.8,3.8,3.7,3.7,3.6,3.7,3.7,3.6,3.7,3.9,3.8,4.2,3.6,3.5,3.5,3.5,3.6,3.5,3.5,3.5,3.5,3.6,3.5,3.6,3.6,4.2,3.7,3.8,4.2,3.9,3.9,3.7,3.6,3.7,3.6,3.6,3.7,3.6,3.6,3.6,3.6,3.6,3.6
12/13/2021,3.6,3.6,3.7,3.7,3.7,3.7,3.7,3.8,3.6,3.7,3.7,3.6,3.7,3.7,3.8,4.1,4.3,3.8,3.5,3.5,3.4,3.5,3.5,3.5,3.4,3.5,3.5,3.5,3.5,3.7,4.7,6,5.8,6.1,5.7,6,5.7,5.3,4.6,4.4,4.3,4.2,3.2,3.3,3.3,3.4,3.3,3.4
12/14/2021,3.3,3.5,3.3,3.3,3.4,3.4,3.4,3.8,3.7,3.2,3.4,3.6,3.5,3.5,4.1,3.5,4.3,3.5,3.3,3.8,3.7,3.6,3.3,3.8,3.3,3.9,3.9,3.8,3.7,3.2,3.7,3.7,4.3,4.3,5.2,6.4,6.5,6.3,6.6,6.2,5.2,4.9,4.8,4.3,3.8,3.8,3.8,3.9
12/15/2021,3.8,3.8,3.8,3.8,3.9,3.9,3.8,3.8,3.9,3.8,3.8,3.8,3.8,3.8,4.1,4,3.8,3.7,3.8,3.7,3.7,3.8,3.8,3.8,3.9,3.9,3.9,3.8,3.8,4,3.9,3.8,3.9,4.3,4.3,4.2,4.1,4,3.4,3.4,3.4,3.3,3.5,3.5,3.3,3.4,3.6,3.8
12/16/2021,3.8,3.9,3.9,3.9,3.9,3.8,3.9,3.9,3.9,3.9,3.3,3.5,3.3,3.4,3.8,3.2,3.7,2.6,2.7,3.2,3.2,2.6,2.8,2.7,2.8,2.7,2.8,2.8,2.9,2.7,3.2,2.7,3.3,3.7,4,4,3.9,3.9,3.8,3.2,3.3,3.5,3.2,3.3,3.4,3.3,3.2,3.3
12/17/2021,3.3,3.4,3.3,3.4,3.3,3.4,3.4,3.4,3.8,3.8,3.7,3.2,3.3,3.4,3.4,3.4,2.8,2.7,2.7,3,2.8,2.8,2.9,2.8,2.7,2.9,2.8,2.9,2.7,3.2,2.7,2.8,3,3.4,3.8,3.3,3.5,3.5,3.3,3.5,3.5,3.4,3.3,3.5,3.4,3.4,3.3,3.3
12/18/2021,3.4,3.4,3.4,3.4,3.4,3.4,3.4,3.4,3.4,3.4,3.5,3.4,3.4,3.3,3.6,3.7,3.4,3,3.9,4.3,4.1,6.1,6,6,3.9,3.7,3.6,3.7,6.1,6.2,5.7,6,6,6.5,5.9,5.3,4.7,4.9,4.6,3.9,3.8,3.8,3.8,3.8,3.8,3.9,3.8,3.9
12/19/2021,3.8,3.9,3.8,3.9,3.8,3.9,3.9,3.8,3.8,3.9,3.8,3.8,3.8,3.8,4.1,4,4.1,3.5,3.9,3.8,3.2,3.2,3.1,3.2,3.4,3.2,3.5,3.4,3.5,3.3,3.3,3.5,3.5,4,3.7,3.7,3.6,3.5,3.3,3.5,3.4,3.4,3.3,3.4,3.4,3.4,3.4,3.3
12/20/2021,3.4,3.4,3.4,3.4,3.4,3.3,3.4,3.4,3.4,3.3,3.3,3.4,3.4,3.4,3.7,3.5,3.6,3.4,3.7,3.8,3.7,3.5,4.2,4.1,4,3.4,3.6,3.2,3.3,3.4,3.6,4.2,4.5,4.1,4.1,3.6,3.8,3.9,3.8,3.8,3.8,3.9,3.9,3.9,3.8,3.8,3.9,3.8
12/21/2021,3.9,3.9,3.8,3.8,3.8,3.8,3.9,3.8,3.8,3.8,3.8,3.9,3.9,4,4.1,4.1,3.3,3.2,3.3,3.4,3.2,3.3,3.3,3.2,4.6,5.8,5.9,5.6,5.6,3.6,5.6,5.7,5.6,5.5,5.6,4.9,5.1,4.7,3.9,3.8,5.4,4.9,4,3.9,3.9,3.9,3.9,3.8
12/22/2021,3.9,3.8,3.9,3.9,3.8,3.8,3.8,3.8,3.9,3.9,3.8,3.9,3.9,3.9,4.1,4,3.6,3.4,3.4,3,2.9,2.8,3,3,3,3,2.9,3,4,4.3,3.5,4,3.5,3.6,3.8,3.6,3.5,3.5,3.5,3.5,3.9,3.9,3.6,3.5,3.5,3.7,3.9,3.9
12/23/2021,3.9,3.9,3.9,4,4,4,3.9,3.9,3.9,3.9,4,4,3.9,3.9,3.9,3.9,3.8,3.4,3.4,3.5,3.4,3.4,3.4,3.4,3.5,3.4,3.4,3.4,3.4,3.6,3.5,3.4,3.4,3.5,4,4,4,3.9,3.9,3.9,3.9,3.9,4,3.9,3.9,3.9,3.9,3.9
12/24/2021,3.9,3.9,3.9,3.9,3.9,3.9,3.9,3.9,4,3.9,3.9,3.9,3.9,3.8,3.8,3.9,3.9,3.4,3.3,3.3,3.3,3.3,3.3,3.3,3.3,3.3,3.3,3.3,3.3,3.3,3.3,3.3,3.3,3.4,3.9,4.1,3.9,3.9,3.9,3.8,3.8,3.9,3.8,3.8,3.9,3.9,3.8,3.8
12/25/2021,3.8,3.8,3.8,3.8,3.8,3.8,3.9,3.8,3.8,3.8,3.8,3.8,3.9,3.8,4.1,4.1,3.9,3.7,6,5.7,5.7,4.8,3.9,4,3.7,3.5,3.6,3.6,3.5,3.3,4,5.7,5.9,6,5.7,5.2,5,4.9,4.5,3.9,4.1,4,4,3.9,3.9,3.9,4,3.9
12/26/2021,4,3.9,4,3.9,3.9,3.9,4,3.9,3.9,4,4,3.9,4,3.9,4.1,4.3,4.1,3.4,3.6,3.5,3.3,3.3,3.1,3.4,3.5,3.4,3.2,3.4,3.5,3.7,3.7,3.8,3.8,4.2,4.2,4.1,4,3.9,3.9,3.9,3.9,3.9,3.9,3.9,3.9,3.9,4,4
12/27/2021,3.9,3.9,3.9,3.9,3.9,3.9,3.9,3.9,3.9,3.9,3.9,3.9,3.9,3.9,4.1,4,4.2,3.9,3.8,3.9,3.8,3.6,3.7,3.8,4.1,4.2,4,3.8,3.8,3.8,5.3,6.1,6.2,6.4,6.2,5.5,4.8,4.7,4.2,3.7,3.9,3.9,3.9,3.9,3.9,3.9,3.8,3.9
12/28/2021,3.9,3.2,3.4,3.4,3.4,3.4,3.4,3.3,3.3,3.3,3.4,3.4,3.7,3.3,3.8,3.4,3.3,3.4,3.1,3.2,3.2,3.3,3.4,3.4,3.1,3.2,3.7,3.8,3.4,3.8,4.3,5.9,5.8,6.3,6.1,5.4,5.1,4.9,4.3,3.6,3.5,3.9,4,3.9,3.8,3.9,3.8,3.8
12/29/2021,3.9,3.8,3.8,3.9,3.8,3.8,3.9,3.8,3.9,3.8,3.9,3.9,3.9,3.8,4.1,3.9,3.7,3.7,3.7,3.7,3.2,3.6,3.5,3.3,3.5,3.7,4.4,4.9,4.3,3.8,4.1,3.4,3.7,4.2,3.7,3.6,3.9,3.8,3.8,3.8,3.9,3.8,3.8,3.9,3.9,3.8,3.8,3.8
12/30/2021,3.8,3.9,3.8,3.8,3.8,3.8,3.9,3.8,3.9,3.9,3.8,3.8,3.9,3.9,3.9,3.9,4.1,3.4,3.4,3.4,3.3,3.4,3.3,3.4,3.4,3.4,3.4,3.3,3.3,3.5,3.4,3.3,3.5,3.4,3.7,3.8,3.9,3.8,3.8,3.8,3.8,3.9,3.9,3.8,3.9,3.9,3.9,3.8
12/31/2021,3.9,3.8,3.8,3.8,3.8,3.8,3.8,3.8,3.8,3.8,3.8,3.9,3.9,3.9,3.9,3.8,3.4,3.3,3.3,3.3,3.4,3.5,3.3,3.3,3.4,3.4,3.3,3.3,3.4,3.3,3.3,3.3,3.3,3.3,4,3.9,3.8,3.8,3.8,3.8,3.8,4,4.1,4,4,3.9,4,4